fixture	old line:column	old line	new line	recorded translations
graph_shape_method_explicit_copy.lm2	6:13	copied: merge Point	copied: merge: Point	graph_shape_method_explicit_copy
graph_shape_ns_source_nested_copy.lm2	3:9	copied: merge Outer	copied: merge: Outer	graph_shape_ns_source_nested_copy,graph_shape_ns_source_nested_copy_walk_methods
graph_shape_t7_copy_parent.lm2	18:4	m: merge Model	m: merge: Model	graph_shape_t7_copy_parent,graph_shape_t7_copy_parent_walk
unit_addr_entry_name_collision.lm2	19:8	fresh: merge Model	fresh: merge: Model	unit_addr_entry_name_collision
unit_admit_dynamic_hidden_catch.lm2	30:7	kept: merge Model	kept: merge: Model	unit_admit_dynamic_hidden_catch,unit_admit_dynamic_hidden_catch_walk
unit_admit_dynamic_hidden_catch.lm2	42:10	box: merge Model	box: merge: Model	unit_admit_dynamic_hidden_catch,unit_admit_dynamic_hidden_catch_walk
unit_arr_path_merge_result.lm2	16:8	r: merge A B	r: merge: A B	unit_arr_path_merge_result,unit_arr_path_merge_result_walk
unit_arr_path_merge_result.lm2	29:8	o: merge A	o: merge: A	unit_arr_path_merge_result,unit_arr_path_merge_result_walk
unit_arr_path_merge_result.lm2	31:8	p: merge o	p: merge: o	unit_arr_path_merge_result,unit_arr_path_merge_result_walk
unit_arr_path_merge_result.lm2	39:8	a: merge A	a: merge: A	unit_arr_path_merge_result,unit_arr_path_merge_result_walk
unit_arr_path_read.lm2	14:4	a: merge Holder	a: merge: Holder	unit_arr_path_read
unit_array_write_general_root_real_field.lm2	11:12	fresh: merge Model	fresh: merge: Model	unit_array_write_general_root_real_field
unit_bind_method_formal.lm2	21:9	mo: merge Model	mo: merge: Model	unit_bind_method_formal
unit_bind_method_ref.lm2	14:8	c: merge Model	c: merge: Model	unit_bind_method_ref
unit_bind_method_thin_other.lm2	14:8	o: merge Other	o: merge: Other	unit_bind_method_thin_other,unit_bind_method_thin_other_walk
unit_body_path_catch_pt.lm2	14:13	pt: merge Point	pt: merge: Point	unit_body_path_catch_pt
unit_body_path_deep.lm2	19:13	pt: merge Point	pt: merge: Point	unit_body_path_deep
unit_body_path_else_unwalked.lm2	13:13	pt: merge Point	pt: merge: Point	unit_body_path_else_unwalked
unit_body_path_else_while_pt.lm2	15:17	pt: merge Point	pt: merge: Point	unit_body_path_else_while_pt
unit_body_path_for_pt.lm2	11:13	pt: merge Point	pt: merge: Point	unit_body_path_for_pt
unit_body_path_if_pt.lm2	11:13	pt: merge Point	pt: merge: Point	unit_body_path_if_pt
unit_body_path_merge_pt.lm2	13:13	pt: merge Point	pt: merge: Point	unit_body_path_merge_pt
unit_body_path_until_pt.lm2	12:13	pt: merge Point	pt: merge: Point	unit_body_path_until_pt
unit_body_path_while_pt.lm2	12:13	pt: merge Point	pt: merge: Point	unit_body_path_while_pt
unit_c_member_struct_control.lm2	9:12	fresh: merge Model	fresh: merge: Model	unit_c_member_struct_control
unit_cache_struct_ref.lm2	16:8	b: merge Box	b: merge: Box	unit_cache_struct_ref,unit_walk_cache_struct_ref
unit_callable_formal_site_reference_unasked.lm2	37:10	box: merge Other	box: merge: Other	unit_callable_formal_site_reference_unasked
unit_callable_formal_site_reference_unasked.lm2	42:10	box: merge Model	box: merge: Model	unit_callable_formal_site_reference_unasked
unit_capture_struct_call_arg.lm2	13:10	loc: merge Model	loc: merge: Model	unit_capture_struct_call_arg
unit_capture_struct_merge_two.lm2	14:10	loc: merge A B	loc: merge: A B	unit_capture_struct_merge_two
unit_capture_struct_own.lm2	21:10	loc: merge Model	loc: merge: Model	unit_capture_struct_own
unit_capture_struct_whole.lm2	18:10	loc: merge Model	loc: merge: Model	unit_capture_struct_whole
unit_capture_struct_write_only.lm2	24:7	left: merge Model	left: merge: Model	unit_capture_struct_write_only
unit_capture_struct_write_root.lm2	24:7	left: merge Model	left: merge: Model	unit_capture_struct_write_root
unit_colon_method_dynamic_precedence.lm2	6:23	fresh_branch_xyz: merge Model	fresh_branch_xyz: merge: Model	unit_colon_method_dynamic_precedence
unit_colon_method_fresh_per_activation.lm2	9:23	fresh_branch_xyz: merge Model	fresh_branch_xyz: merge: Model	unit_colon_method_fresh_per_activation
unit_colon_method_lexical_model.lm2	6:23	fresh_branch_xyz: merge Model	fresh_branch_xyz: merge: Model	unit_colon_method_lexical_model
unit_copy_call_addressed.lm2	10:5	ra: merge A	ra: merge: A	unit_copy_call_addressed
unit_copy_call_chain_inputs.lm2	14:5	ra: merge A	ra: merge: A	unit_copy_call_chain_inputs,unit_copy_call_chain_inputs_source_mutant,unit_copy_call_chain_inputs_target_mutant,unit_copy_call_chain_inputs_walk
unit_copy_call_chain_inputs.lm2	15:5	rb: merge ra	rb: merge: ra	unit_copy_call_chain_inputs,unit_copy_call_chain_inputs_source_mutant,unit_copy_call_chain_inputs_target_mutant,unit_copy_call_chain_inputs_walk
unit_copy_call_chain_inputs.lm2	16:5	rc: merge rb	rc: merge: rb	unit_copy_call_chain_inputs,unit_copy_call_chain_inputs_source_mutant,unit_copy_call_chain_inputs_target_mutant,unit_copy_call_chain_inputs_walk
unit_copy_call_chain_inputs.lm2	23:9	xc: merge C	xc: merge: C	unit_copy_call_chain_inputs,unit_copy_call_chain_inputs_source_mutant,unit_copy_call_chain_inputs_target_mutant,unit_copy_call_chain_inputs_walk
unit_copy_call_from_method.lm2	8:5	ra: merge A	ra: merge: A	unit_copy_call_from_method
unit_copy_call_hidden_inputs.lm2	17:5	ra: merge A	ra: merge: A	unit_copy_call_hidden_inputs,unit_copy_call_hidden_inputs_input_mutant,unit_copy_call_hidden_inputs_target_mutant,unit_copy_call_hidden_inputs_walk
unit_copy_call_hidden_inputs.lm2	18:5	rb: merge B	rb: merge: B	unit_copy_call_hidden_inputs,unit_copy_call_hidden_inputs_input_mutant,unit_copy_call_hidden_inputs_target_mutant,unit_copy_call_hidden_inputs_walk
unit_copy_call_local_structure.lm2	8:8	x: merge A	x: merge: A	unit_copy_call_local_structure,unit_copy_call_local_structure_walk
unit_copy_call_missing_input_refused.lm2	7:5	ra: merge A	ra: merge: A	unit_copy_call_missing_input_refused
unit_copy_call_of_copy.lm2	8:5	ra: merge A	ra: merge: A	unit_copy_call_of_copy,unit_copy_call_of_copy_walk
unit_copy_call_of_copy.lm2	9:5	rb: merge ra	rb: merge: ra	unit_copy_call_of_copy,unit_copy_call_of_copy_walk
unit_copy_call_other_owner.lm2	12:8	x: merge A	x: merge: A	unit_copy_call_other_owner
unit_d101_struct_result_value.lm2	18:8	b: merge Box	b: merge: Box	unit_d101_struct_result_value
unit_d105n_arg.lm2	16:8	o: merge Other	o: merge: Other	unit_d105n_arg
unit_d105n_mixed.lm2	18:8	o: merge Other	o: merge: Other	unit_d105n_mixed
unit_d105n_mixed.lm2	19:9	mm: merge Model	mm: merge: Model	unit_d105n_mixed
unit_d105n_passon.lm2	18:8	o: merge Other	o: merge: Other	unit_d105n_passon
unit_d105n_passon_other.lm2	22:8	o: merge Other	o: merge: Other	unit_d105n_passon_other
unit_d105n_write.lm2	16:8	o: merge Other	o: merge: Other	unit_d105n_write
unit_d105r_chain.lm2	19:8	o: merge Other	o: merge: Other	unit_d105r_chain
unit_d105r_edge_refused.lm2	17:8	o: merge Lacks	o: merge: Lacks	unit_d105r_edge_refused
unit_d105r_formal.lm2	18:8	o: merge Other	o: merge: Other	unit_d105r_formal
unit_d105r_return.lm2	16:8	o: merge Other	o: merge: Other	unit_d105r_return
unit_d108_nested_throwing.lm2	12:8	x: merge Model	x: merge: Model	unit_d108_nested_throwing
unit_d109_uses_refused.lm2	18:8	o: merge Lacks	o: merge: Lacks	unit_d109_uses_refused
unit_d112_nested_return.lm2	22:8	o: merge Outer	o: merge: Outer	unit_d112_nested_return
unit_d112_nested_return.lm2	23:8	p: merge Other	p: merge: Other	unit_d112_nested_return
unit_d113_nested_expr.lm2	21:8	o: merge Outer	o: merge: Outer	unit_d113_nested_expr
unit_d113_nested_expr.lm2	22:8	p: merge Other	p: merge: Other	unit_d113_nested_expr
unit_empty_type_call_method.lm2	7:8	x: merge E	x: merge: E	unit_empty_type_call_method
unit_field_path_formal.lm2	26:12	fresh: merge Model	fresh: merge: Model	unit_field_path_formal
unit_field_path_nested.lm2	15:8	a: merge Outer	a: merge: Outer	unit_field_path_nested
unit_field_path_nested_two.lm2	16:8	a: merge Outer	a: merge: Outer	unit_field_path_nested_two
unit_field_path_own_write.lm2	9:12	fresh: merge Model	fresh: merge: Model	unit_field_path_own_write
unit_field_path_struct_rebind_refused.lm2	20:4	o: merge Outer	o: merge: Outer	unit_field_path_struct_rebind_refused
unit_field_path_struct_rebind_refused.lm2	21:4	a: merge Model	a: merge: Model	unit_field_path_struct_rebind_refused
unit_field_path_terminal_checklist.lm2	10:11	u_struct: merge Model	u_struct: merge: Model	unit_field_path_terminal_checklist
unit_field_path_terminal_checklist.lm2	25:15	o_struct: merge Model	o_struct: merge: Model	unit_field_path_terminal_checklist
unit_field_path_terminal_checklist.lm2	57:4	a: merge Model	a: merge: Model	unit_field_path_terminal_checklist
unit_field_path_unit_colon.lm2	9:8	fresh: merge Model	fresh: merge: Model	unit_field_path_unit_colon
unit_field_path_unknown_refused.lm2	10:12	fresh: merge Model	fresh: merge: Model	unit_field_path_unknown_refused
unit_field_path_write_only.lm2	18:6	box: merge Model	box: merge: Model	unit_field_path_write_only,unit_field_path_write_only_walk
unit_field_path_write_only.lm2	30:10	box: merge Model	box: merge: Model	unit_field_path_write_only,unit_field_path_write_only_walk
unit_field_path_write_only.lm2	36:10	box: merge Wide	box: merge: Wide	unit_field_path_write_only,unit_field_path_write_only_walk
unit_formal_field_converted.lm2	20:10	box: merge Model	box: merge: Model	unit_formal_field_converted
unit_formal_field_converted.lm2	26:10	box: merge Wide	box: merge: Wide	unit_formal_field_converted
unit_formal_long_field.lm2	19:10	box: merge Model	box: merge: Model	unit_formal_long_field,unit_formal_long_field_walk
unit_formal_long_field.lm2	25:10	box: merge Wide	box: merge: Wide	unit_formal_long_field,unit_formal_long_field_walk
unit_formal_long_field_other_refused.lm2	18:10	box: merge Near	box: merge: Near	unit_formal_long_field_other_refused
unit_formal_shadows_struct.lm2	27:12	fresh: merge Model	fresh: merge: Model	unit_formal_shadows_struct
unit_formal_spelling_rebind.lm2	17:8	w: merge Model	w: merge: Model	unit_formal_spelling_rebind,unit_formal_spelling_rebind_walk
unit_formal_spelling_rebind.lm2	24:8	w: merge Model	w: merge: Model	unit_formal_spelling_rebind,unit_formal_spelling_rebind_walk
unit_formal_spelling_rebind.lm2	31:9	mo: merge Model	mo: merge: Model	unit_formal_spelling_rebind,unit_formal_spelling_rebind_walk
unit_formal_spelling_rebind_other_refused.lm2	16:8	o: merge Other	o: merge: Other	unit_formal_spelling_rebind_other_refused,unit_formal_spelling_rebind_other_refused_walk
unit_formal_spelling_rebind_other_refused.lm2	28:9	mo: merge Model	mo: merge: Model	unit_formal_spelling_rebind_other_refused,unit_formal_spelling_rebind_other_refused_walk
unit_formal_thin_other.lm2	17:8	o: merge Other	o: merge: Other	unit_formal_thin_other
unit_formal_used_other_refused.lm2	20:8	o: merge Other	o: merge: Other	unit_formal_used_other_refused
unit_free_path_argument.lm2	39:10	box: merge Model	box: merge: Model	unit_free_path_argument,unit_free_path_argument_walk
unit_free_path_argument.lm2	46:10	box: merge Wide	box: merge: Wide	unit_free_path_argument,unit_free_path_argument_walk
unit_free_path_deep.lm2	15:10	box: merge Outer	box: merge: Outer	unit_free_path_deep,unit_free_path_deep_walk
unit_free_path_deep.lm2	19:10	box: merge Outer	box: merge: Outer	unit_free_path_deep,unit_free_path_deep_walk
unit_free_path_deep_none_refused.lm2	11:10	box: merge Other	box: merge: Other	unit_free_path_deep_none_refused
unit_free_path_field_converted.lm2	21:10	box: merge Model	box: merge: Model	unit_free_path_field_converted
unit_free_path_field_converted.lm2	27:10	box: merge Wide	box: merge: Wide	unit_free_path_field_converted
unit_free_path_field_converted_swapped.lm2	17:10	box: merge Model	box: merge: Model	unit_free_path_field_converted_swapped
unit_free_path_field_converted_swapped.lm2	23:10	box: merge Wide	box: merge: Wide	unit_free_path_field_converted_swapped
unit_free_path_first_lacks.lm2	23:10	box: merge Model	box: merge: Model	unit_free_path_first_lacks,unit_free_path_first_lacks_walk
unit_free_path_first_lacks.lm2	29:10	box: merge Other	box: merge: Other	unit_free_path_first_lacks,unit_free_path_first_lacks_walk
unit_free_path_letter.lm2	30:10	box: merge Model	box: merge: Model	unit_free_path_letter,unit_free_path_letter_walk
unit_free_path_long_step.lm2	30:10	box: merge Model	box: merge: Model	unit_free_path_long_step,unit_free_path_long_step_walk
unit_free_path_long_step.lm2	36:10	box: merge Wide	box: merge: Wide	unit_free_path_long_step,unit_free_path_long_step_walk
unit_free_path_long_step.lm2	42:10	box: merge Wide	box: merge: Wide	unit_free_path_long_step,unit_free_path_long_step_walk
unit_free_path_long_step_other_refused.lm2	18:10	box: merge Model	box: merge: Model	unit_free_path_long_step_other_refused
unit_free_path_long_step_other_refused.lm2	23:10	box: merge Near	box: merge: Near	unit_free_path_long_step_other_refused
unit_free_path_none_refused.lm2	14:10	box: merge Other	box: merge: Other	unit_free_path_none_refused
unit_free_path_order.lm2	18:10	box: merge Rich	box: merge: Rich	unit_free_path_order,unit_free_path_order_walk
unit_free_path_order.lm2	24:10	box: merge Thin	box: merge: Thin	unit_free_path_order,unit_free_path_order_walk
unit_free_path_order_swapped.lm2	23:10	box: merge Rich	box: merge: Rich	unit_free_path_order_swapped,unit_free_path_order_swapped_walk
unit_free_path_order_swapped.lm2	29:10	box: merge Thin	box: merge: Thin	unit_free_path_order_swapped,unit_free_path_order_swapped_walk
unit_free_path_other_chain_catch.lm2	20:10	box: merge Model	box: merge: Model	unit_free_path_other_chain_catch,unit_free_path_other_chain_catch_walk
unit_free_path_other_chain_catch.lm2	27:10	box: merge Other	box: merge: Other	unit_free_path_other_chain_catch,unit_free_path_other_chain_catch_walk
unit_free_path_other_chain_refused.lm2	21:10	box: merge Model	box: merge: Model	unit_free_path_other_chain_refused,unit_free_path_other_chain_refused_walk
unit_free_path_other_chain_refused.lm2	27:10	box: merge Other	box: merge: Other	unit_free_path_other_chain_refused,unit_free_path_other_chain_refused_walk
unit_free_path_other_refused.lm2	18:10	box: merge Model	box: merge: Model	unit_free_path_other_refused
unit_free_path_other_refused.lm2	24:10	box: merge Other	box: merge: Other	unit_free_path_other_refused
unit_free_path_read.lm2	26:10	box: merge Model	box: merge: Model	unit_free_path_read,unit_free_path_read_walk
unit_free_path_read.lm2	32:10	box: merge Wide	box: merge: Wide	unit_free_path_read,unit_free_path_read_walk
unit_free_path_read.lm2	38:10	box: merge Model	box: merge: Model	unit_free_path_read,unit_free_path_read_walk
unit_free_path_two_readers.lm2	23:10	box: merge Wide	box: merge: Wide	unit_free_path_two_readers,unit_free_path_two_readers_walk
unit_free_path_two_readers.lm2	30:10	box: merge Model	box: merge: Model	unit_free_path_two_readers,unit_free_path_two_readers_walk
unit_free_path_typed_place.lm2	30:7	kept: merge Model	kept: merge: Model	unit_free_path_typed_place,unit_free_path_typed_place_walk
unit_free_path_typed_place_thin.lm2	31:7	kept: merge Model	kept: merge: Model	unit_free_path_typed_place_thin,unit_free_path_typed_place_thin_walk
unit_free_path_typed_place_thin.lm2	33:7	thin: merge Thin	thin: merge: Thin	unit_free_path_typed_place_thin,unit_free_path_typed_place_thin_walk
unit_free_path_value_none_refused.lm2	13:10	box: merge Other	box: merge: Other	unit_free_path_value_none_refused
unit_free_path_write.lm2	37:10	box: merge Wide	box: merge: Wide	unit_free_path_write,unit_free_path_write_walk
unit_free_path_write.lm2	44:10	box: merge Model	box: merge: Model	unit_free_path_write,unit_free_path_write_walk
unit_free_path_write.lm2	51:10	box: merge Model	box: merge: Model	unit_free_path_write,unit_free_path_write_walk
unit_free_path_write.lm2	57:10	box: merge Wide	box: merge: Wide	unit_free_path_write,unit_free_path_write_walk
unit_free_path_write_long_none_refused.lm2	15:10	box: merge Other	box: merge: Other	unit_free_path_write_long_none_refused
unit_free_path_write_none_refused.lm2	14:10	box: merge Other	box: merge: Other	unit_free_path_write_none_refused
unit_held_actual_reference.lm2	13:4	m: merge Model	m: merge: Model	unit_held_actual_reference
unit_held_actual_reference.lm2	36:8	m: merge Model	m: merge: Model	unit_held_actual_reference
unit_held_actual_reference.lm2	42:8	m: merge Wide	m: merge: Wide	unit_held_actual_reference
unit_held_actual_reference_refused.lm2	10:4	m: merge Model	m: merge: Model	unit_held_actual_reference_refused
unit_held_actual_reference_refused.lm2	32:8	m: merge Other	m: merge: Other	unit_held_actual_reference_refused
unit_held_call_bare_name_operand.lm2	105:9	bx: merge Box	bx: merge: Box	unit_held_call_bare_name_operand,unit_held_call_bare_name_operand_walk
unit_held_call_bare_name_operand_convert.lm2	30:8	b: merge Box	b: merge: Box	unit_held_call_bare_name_operand_convert,unit_held_call_bare_name_operand_convert_walk
unit_held_call_bare_name_places.lm2	38:8	b: merge Box	b: merge: Box	unit_held_call_bare_name_places,unit_held_call_bare_name_places_walk
unit_held_capture_chain.lm2	28:7	kept: merge Model	kept: merge: Model	unit_held_capture_chain,unit_held_capture_chain_walk
unit_held_capture_chain.lm2	41:10	box: merge Model	box: merge: Model	unit_held_capture_chain,unit_held_capture_chain_walk
unit_held_capture_chain.lm2	47:10	box: merge Wide	box: merge: Wide	unit_held_capture_chain,unit_held_capture_chain_walk
unit_held_capture_chain_other_refused.lm2	21:7	kept: merge Model	kept: merge: Model	unit_held_capture_chain_other_refused
unit_held_capture_chain_other_refused.lm2	34:10	box: merge Other	box: merge: Other	unit_held_capture_chain_other_refused
unit_held_capture_host_field.lm2	14:10	box: merge Model	box: merge: Model	unit_held_capture_host_field,unit_held_capture_host_field_walk
unit_held_capture_host_field.lm2	27:10	box: merge Model	box: merge: Model	unit_held_capture_host_field,unit_held_capture_host_field_walk
unit_held_reference_chain.lm2	21:4	m: merge Model	m: merge: Model	unit_held_reference_chain,unit_held_reference_chain_walk
unit_held_reference_chain.lm2	39:8	m: merge Model	m: merge: Model	unit_held_reference_chain,unit_held_reference_chain_walk
unit_held_reference_chain.lm2	45:8	m: merge Wide	m: merge: Wide	unit_held_reference_chain,unit_held_reference_chain_walk
unit_held_reference_chain.lm2	51:8	m: merge Wide	m: merge: Wide	unit_held_reference_chain,unit_held_reference_chain_walk
unit_held_reference_typed_chain.lm2	18:4	m: merge Model	m: merge: Model	unit_held_reference_typed_chain,unit_held_reference_typed_chain_walk
unit_held_reference_write_chain.lm2	12:4	m: merge Model	m: merge: Model	unit_held_reference_write_chain,unit_held_reference_write_chain_walk
unit_held_reference_write_chain.lm2	27:8	m: merge Model	m: merge: Model	unit_held_reference_write_chain,unit_held_reference_write_chain_walk
unit_local_model_arg.lm2	26:8	a: merge Model	a: merge: Model	unit_local_model_arg
unit_local_model_arg.lm2	38:12	fresh: merge Model	fresh: merge: Model	unit_local_model_arg
unit_local_source_merge_context.lm2	10:16	R: merge Inner	R: merge: Inner	unit_local_source_merge_context,unit_local_source_merge_context_walk
unit_matrix_callable_struct_identity.lm2	13:4	m: merge Model	m: merge: Model	unit_matrix_callable_struct_identity
unit_matrix_noncall_struct_rebind.lm2	11:8	a: merge Model	a: merge: Model	unit_matrix_noncall_struct_rebind
unit_matrix_path_struct_rebind_refused.lm2	12:4	o: merge Outer	o: merge: Outer	unit_matrix_path_struct_rebind_refused
unit_matrix_path_struct_rebind_refused.lm2	13:4	a: merge Model	a: merge: Model	unit_matrix_path_struct_rebind_refused
unit_merge_atom_assign_refused.lm2	10:8	w: merge Model	w: merge: Model	unit_merge_atom_assign_refused
unit_merge_atom_operands.lm2	21:8	R: merge Model B C	R: merge: Model B C	unit_merge_atom_operands
unit_merge_atom_receiver.lm2	17:8	R: merge Source	R: merge: Source	unit_merge_atom_receiver
unit_merge_atom_unit.lm2	9:7	copy: merge Model	copy: merge: Model	unit_merge_atom_unit
unit_merge_future_decl.lm2	4:4	b: merge Source	b: merge: Source	unit_merge_future_decl
unit_model_fresh_synonyms.lm2	13:12	fresh: merge Model	fresh: merge: Model	unit_model_fresh_synonyms
unit_model_var_call.lm2	9:4	m: merge Model	m: merge: Model	unit_model_var_call
unit_mres_ref_field_path.lm2	14:8	h: merge Holder	h: merge: Holder	unit_mres_ref_field_path,unit_mres_ref_field_path_walk
unit_mres_ref_field_path.lm2	15:9	mo: merge Model	mo: merge: Model	unit_mres_ref_field_path,unit_mres_ref_field_path_walk
unit_mres_ref_field_path.lm2	28:4	g: merge Holder	g: merge: Holder	unit_mres_ref_field_path,unit_mres_ref_field_path_walk
unit_mres_ref_field_path.lm2	29:4	k: merge g	k: merge: g	unit_mres_ref_field_path,unit_mres_ref_field_path_walk
unit_mres_ref_field_path.lm2	30:5	mo: merge Model	mo: merge: Model	unit_mres_ref_field_path,unit_mres_ref_field_path_walk
unit_mres_ref_field_store_refused.lm2	13:8	h: merge Holder	h: merge: Holder	unit_mres_ref_field_store_refused,unit_mres_ref_field_store_refused_walk
unit_mres_ref_field_store_refused.lm2	14:8	o: merge Other	o: merge: Other	unit_mres_ref_field_store_refused,unit_mres_ref_field_store_refused_walk
unit_named_actual_facts.lm2	29:8	o: merge Model	o: merge: Model	unit_named_actual_facts,unit_named_actual_facts_walk
unit_named_actual_facts.lm2	42:8	o: merge Model	o: merge: Model	unit_named_actual_facts,unit_named_actual_facts_walk
unit_named_actual_head_index.lm2	79:8	s: merge Shelf	s: merge: Shelf	unit_named_actual_head_index,unit_named_actual_head_index_walk
unit_named_actual_reference_name.lm2	20:8	o: merge Thin	o: merge: Thin	unit_named_actual_reference_name,unit_named_actual_reference_name_walk
unit_named_actual_reference_whole.lm2	15:8	o: merge Model	o: merge: Model	unit_named_actual_reference_whole,unit_named_actual_reference_whole_walk
unit_named_struct_exec_instance.lm2	9:8	fresh: merge Model	fresh: merge: Model	unit_named_struct_exec_instance
unit_named_struct_exec_instance.lm2	10:8	other: merge Model	other: merge: Model	unit_named_struct_exec_instance
unit_named_struct_exec_two_types.lm2	12:4	m: merge Model	m: merge: Model	unit_named_struct_exec_two_types
unit_named_struct_exec_two_types.lm2	13:4	o: merge Other	o: merge: Other	unit_named_struct_exec_two_types
unit_named_until_canonical_copy.lm2	23:4	R: merge S	R: merge: S	unit_named_until_canonical_copy,unit_named_until_canonical_copy_walk
unit_named_until_copy_call.lm2	14:4	R: merge S	R: merge: S	unit_named_until_copy_call,unit_named_until_copy_call_walk
unit_nested_definition_structure_other_refused.lm2	14:4	m: merge Model	m: merge: Model	unit_nested_definition_structure_other_refused
unit_nested_definition_structure_other_refused.lm2	24:8	m: merge Other	m: merge: Other	unit_nested_definition_structure_other_refused
unit_nested_definition_structure_override.lm2	10:4	m: merge Model	m: merge: Model	unit_nested_definition_structure_override,unit_nested_definition_structure_override_walk
unit_nested_definition_structure_override.lm2	20:8	m: merge Model	m: merge: Model	unit_nested_definition_structure_override,unit_nested_definition_structure_override_walk
unit_nested_definition_structure_path.lm2	10:4	m: merge Model	m: merge: Model	unit_nested_definition_structure_path,unit_nested_definition_structure_path_walk
unit_ns_ref_field_general.lm2	22:9	mo: merge Model	mo: merge: Model	unit_ns_ref_field_general
unit_occ_selector_first_refused.lm2	13:4	t: merge Tri	t: merge: Tri	unit_occ_selector_first_refused
unit_occ_selector_last_refused.lm2	15:4	c: merge Cand	c: merge: Cand	unit_occ_selector_last_refused
unit_opaque_actual_known_layout.lm2	18:4	m: merge Model	m: merge: Model	unit_opaque_actual_known_layout,unit_opaque_actual_known_layout_walk
unit_path_chain_method.lm2	9:8	b: merge Box	b: merge: Box	unit_path_chain_method,unit_walk_path_chain_method
unit_path_deep_names.lm2	40:10	box: merge Deep	box: merge: Deep	unit_path_deep_names,unit_path_deep_names_walk
unit_path_deep_names.lm2	41:11	held: merge Deep	held: merge: Deep	unit_path_deep_names,unit_path_deep_names_walk
unit_path_lit_overflow_refused.lm2	9:12	fresh: merge Model	fresh: merge: Model	unit_path_lit_overflow_refused
unit_path_long_names.lm2	42:10	box: merge Outer	box: merge: Outer	unit_path_long_names,unit_path_long_names_walk
unit_path_long_names.lm2	43:11	held: merge Outer	held: merge: Outer	unit_path_long_names,unit_path_long_names_walk
unit_path_long_names_other_refused.lm2	17:10	box: merge Near	box: merge: Near	unit_path_long_names_other_refused
unit_pathconv_ok.lm2	9:8	b: merge Box	b: merge: Box	unit_pathconv_ok
unit_pathconv_range.lm2	8:8	b: merge Box	b: merge: Box	unit_pathconv_range
unit_pathwrite_cell_kept.lm2	8:8	b: merge Box	b: merge: Box	unit_pathwrite_cell_kept
unit_pathwrite_cell_kept.lm2	9:8	c: merge Box	c: merge: Box	unit_pathwrite_cell_kept
unit_pathwrite_ok.lm2	12:8	b: merge Box	b: merge: Box	unit_pathwrite_ok
unit_raw_root_formal_compound.lm2	19:8	a: merge Model	a: merge: Model	unit_raw_root_formal_compound
unit_raw_root_model_compound.lm2	9:12	fresh: merge Model	fresh: merge: Model	unit_raw_root_model_compound
unit_recursive_model_slot.lm2	9:8	b: merge Box	b: merge: Box	unit_recursive_model_slot
unit_recv_use_identity.lm2	17:8	o: merge Other	o: merge: Other	unit_recv_use_identity,unit_recv_use_identity_mode_mutant,unit_recv_use_identity_walk
unit_recv_use_identity.lm2	27:8	o: merge Other	o: merge: Other	unit_recv_use_identity,unit_recv_use_identity_mode_mutant,unit_recv_use_identity_walk
unit_recv_use_later_consumer.lm2	29:8	o: merge Short	o: merge: Short	unit_recv_use_later_consumer,unit_recv_use_later_consumer_walk
unit_recv_use_later_consumer.lm2	30:8	g: merge Good	g: merge: Good	unit_recv_use_later_consumer,unit_recv_use_later_consumer_walk
unit_recv_use_later_consumer.lm2	48:8	o: merge Turned	o: merge: Turned	unit_recv_use_later_consumer,unit_recv_use_later_consumer_walk
unit_recv_use_nested_called_refused.lm2	20:8	o: merge Other	o: merge: Other	unit_recv_use_nested_called_refused,unit_recv_use_nested_called_refused_limit_probe,unit_recv_use_nested_called_refused_walk
unit_recv_use_nested_copy_reach_limit_probe.lm2	19:8	o: merge Other	o: merge: Other	unit_recv_use_nested_copy_reach_limit_probe
unit_recv_use_nested_copy_reach_limit_probe.lm2	30:4	c: merge make	c: merge: make	unit_recv_use_nested_copy_reach_limit_probe
unit_recv_use_nested_dormant.lm2	26:8	o: merge Other	o: merge: Other	unit_recv_use_nested_dormant,unit_recv_use_nested_dormant_walk
unit_recv_use_nested_path.lm2	16:8	g: merge Model	g: merge: Model	unit_recv_use_nested_path,unit_recv_use_nested_path_edge_mutant,unit_recv_use_nested_path_level_mutant,unit_recv_use_nested_path_walk
unit_recv_use_nested_path_reach_limit_probe.lm2	19:8	o: merge Other	o: merge: Other	unit_recv_use_nested_path_reach_limit_probe
unit_recv_use_nested_reader_refused.lm2	17:8	o: merge Other	o: merge: Other	unit_recv_use_nested_reader_refused,unit_recv_use_nested_reader_refused_limit_probe,unit_recv_use_nested_reader_refused_walk
unit_recv_use_nested_sibling_refused.lm2	21:8	o: merge Other	o: merge: Other	unit_recv_use_nested_sibling_refused,unit_recv_use_nested_sibling_refused_limit_probe,unit_recv_use_nested_sibling_refused_walk
unit_recv_use_passed_reads.lm2	40:8	o: merge Wide	o: merge: Wide	unit_recv_use_passed_reads,unit_recv_use_passed_reads_walk
unit_recv_use_passed_reads_refused.lm2	42:12	o: merge Other	o: merge: Other	unit_recv_use_passed_reads_refused,unit_recv_use_passed_reads_refused_walk
unit_recv_use_passed_reads_refused.lm2	57:12	o: merge Other	o: merge: Other	unit_recv_use_passed_reads_refused,unit_recv_use_passed_reads_refused_walk
unit_recv_use_passed_reads_refused.lm2	72:12	o: merge Other	o: merge: Other	unit_recv_use_passed_reads_refused,unit_recv_use_passed_reads_refused_walk
unit_recv_use_passed_reads_refused.lm2	87:12	o: merge Other	o: merge: Other	unit_recv_use_passed_reads_refused,unit_recv_use_passed_reads_refused_walk
unit_recv_use_passed_reads_refused.lm2	102:12	o: merge Other	o: merge: Other	unit_recv_use_passed_reads_refused,unit_recv_use_passed_reads_refused_walk
unit_recv_use_passed_refused.lm2	23:8	o: merge Other	o: merge: Other	unit_recv_use_passed_refused,unit_recv_use_passed_refused_walk
unit_recv_use_passed_thin.lm2	23:8	o: merge Other	o: merge: Other	unit_recv_use_passed_thin,unit_recv_use_passed_thin_walk
unit_recv_use_path_from_method.lm2	18:8	o: merge Turned	o: merge: Turned	unit_recv_use_path_from_method,unit_recv_use_path_from_method_limit_probe,unit_recv_use_path_from_method_walk
unit_recv_use_path_from_method_refused.lm2	17:8	o: merge Other	o: merge: Other	unit_recv_use_path_from_method_refused,unit_recv_use_path_from_method_refused_limit_probe,unit_recv_use_path_from_method_refused_walk
unit_recv_use_rejected_store_keeps.lm2	30:8	w: merge Wide	w: merge: Wide	unit_recv_use_rejected_store_keeps,unit_recv_use_rejected_store_keeps_walk
unit_recv_use_rejected_store_keeps.lm2	31:8	o: merge Other	o: merge: Other	unit_recv_use_rejected_store_keeps,unit_recv_use_rejected_store_keeps_walk
unit_recv_use_selectors.lm2	19:8	o: merge Cand	o: merge: Cand	unit_recv_use_selectors,unit_recv_use_selectors_walk
unit_recv_use_selectors.lm2	33:8	o: merge Cand	o: merge: Cand	unit_recv_use_selectors,unit_recv_use_selectors_walk
unit_recv_use_unused_field.lm2	21:8	o: merge Short	o: merge: Short	unit_recv_use_unused_field,unit_recv_use_unused_field_walk
unit_recv_use_unused_field.lm2	32:8	o: merge Typed	o: merge: Typed	unit_recv_use_unused_field,unit_recv_use_unused_field_walk
unit_recv_use_used_field_refused.lm2	25:8	t: merge Short	t: merge: Short	unit_recv_use_used_field_refused,unit_recv_use_used_field_refused_walk
unit_recv_use_used_field_refused.lm2	34:8	g: merge Good	g: merge: Good	unit_recv_use_used_field_refused,unit_recv_use_used_field_refused_walk
unit_recv_use_used_field_refused.lm2	53:8	g: merge Good	g: merge: Good	unit_recv_use_used_field_refused,unit_recv_use_used_field_refused_walk
unit_ref_field_path.lm2	12:9	mo: merge Model	mo: merge: Model	unit_ref_field_path
unit_ref_field_value_read.lm2	14:8	a: merge Node	a: merge: Node	unit_ref_field_value_read,unit_ref_field_value_read_walk
unit_ref_field_value_read.lm2	15:8	b: merge Node	b: merge: Node	unit_ref_field_value_read,unit_ref_field_value_read_walk
unit_ref_field_value_read.lm2	16:8	c: merge Node	c: merge: Node	unit_ref_field_value_read,unit_ref_field_value_read_walk
unit_ref_field_value_read.lm2	46:4	x: merge Node	x: merge: Node	unit_ref_field_value_read,unit_ref_field_value_read_walk
unit_ref_field_value_read.lm2	47:4	y: merge Node	y: merge: Node	unit_ref_field_value_read,unit_ref_field_value_read_walk
unit_ref_formal_path.lm2	15:9	mo: merge Model	mo: merge: Model	unit_ref_formal_path
unit_ref_formal_rebind_other_refused.lm2	14:8	o: merge Other	o: merge: Other	unit_ref_formal_rebind_other_refused,unit_ref_formal_rebind_other_refused_walk
unit_ref_formal_rebind_other_refused.lm2	26:9	mo: merge Model	mo: merge: Model	unit_ref_formal_rebind_other_refused,unit_ref_formal_rebind_other_refused_walk
unit_ref_formal_rebind_same.lm2	10:8	w: merge Model	w: merge: Model	unit_ref_formal_rebind_same,unit_ref_formal_rebind_same_walk
unit_ref_formal_rebind_same.lm2	22:9	mo: merge Model	mo: merge: Model	unit_ref_formal_rebind_same,unit_ref_formal_rebind_same_walk
unit_ref_rebind_other_thin.lm2	15:8	o: merge Other	o: merge: Other	unit_ref_rebind_other_thin,unit_ref_rebind_other_thin_walk
unit_ref_rebind_same.lm2	11:9	mo: merge Model	mo: merge: Model	unit_ref_rebind_same
unit_reference_long_path_coverage.lm2	17:8	n: merge Near	n: merge: Near	unit_reference_long_path_coverage
unit_reference_required_unbound_refused.lm2	19:10	box: merge Model	box: merge: Model	unit_reference_required_unbound_refused
unit_return_long_field_other_refused.lm2	18:8	n: merge Near	n: merge: Near	unit_return_long_field_other_refused
unit_root_model_field.lm2	9:4	m: merge Model	m: merge: Model	unit_root_model_field
unit_root_model_field.lm2	16:4	n: merge Model	n: merge: Model	unit_root_model_field
unit_site_layout_local.lm2	10:12	fresh: merge C	fresh: merge: C	unit_site_layout_local
unit_site_layout_local.lm2	23:12	fresh: merge D	fresh: merge: D	unit_site_layout_local
unit_struct_int_field.lm2	28:12	fresh: merge Model	fresh: merge: Model	unit_struct_int_field
unit_struct_int_field.lm2	32:8	fresh: merge Model	fresh: merge: Model	unit_struct_int_field
unit_struct_return.lm2	30:12	fresh: merge Model	fresh: merge: Model	unit_struct_return
unit_struct_return.lm2	47:8	a: merge Model	a: merge: Model	unit_struct_return
unit_struct_return_ref_admit_thin.lm2	20:8	t: merge Other	t: merge: Other	unit_struct_return_ref_admit_thin,unit_struct_return_ref_admit_thin_walk
unit_struct_return_ref_admit_thin.lm2	26:8	a: merge Model	a: merge: Model	unit_struct_return_ref_admit_thin,unit_struct_return_ref_admit_thin_walk
unit_t7_actual_reference.lm2	12:4	m: merge Model	m: merge: Model	unit_t7_actual_reference
unit_t7_actual_reference.lm2	27:8	m: merge Model	m: merge: Model	unit_t7_actual_reference
unit_t7_actual_typed_reference.lm2	10:4	m: merge Model	m: merge: Model	unit_t7_actual_typed_reference
unit_t7_reference_held.lm2	11:4	m: merge Model	m: merge: Model	unit_t7_reference_held,unit_t7_reference_held_walk
unit_typed_decl_vertical.lm2	13:9	merge Model	merge: Model	unit_typed_decl_vertical
unit_valkind_ref_ok.lm2	14:8	b: merge Box	b: merge: Box	unit_valkind_ref_ok
unit_walk_cache_struct_ref.lm2	16:8	b: merge Box	b: merge: Box	unit_cache_struct_ref,unit_walk_cache_struct_ref
unit_walk_path_chain_method.lm2	9:8	b: merge Box	b: merge: Box	unit_path_chain_method,unit_walk_path_chain_method
