# K03 NS-ROLES-3 (Codex K03-S5-MIGRATION-20261007-06 (a); steps/fable-continuation-20261003.md section 111): the old
# fresh-instance declaration `Model: m` at the root and in a method -- every item the recorded translations of
# opus_full_47 reached through l2_colon_decl_shape -- rewritten in place as the written construction `m: merge: Model`
# (same line, same indentation, a trailing comment kept). The intent of every item: a fresh instance, the old
# declaration's copy of the model; the explicit merge is that copy. Evidence (section 111): the replay of the recorded
# translations -- no verdict and no message changed, the L1 of the accepted rows differs (the construction is the
# merge) -- and the rows run natively and walked. Three rows whose pins named the path of a formal receiving a value
# exactly of its model now receive a merge result, admitted by name: their pins moved to _exact twins that pass the
# named Structure itself; unit_s1_merge_uncaught_entry runs now (its merge is the native one the driver's tap fails).
# Items in a named Structure's body are NS-ROLES-2's. rows: the harness rows translating the fixture, expectation.
fixture	line:column	scope	old	new	rows
graph_shape_copy_field.lm2	5:1	root	Holder: box	box: merge: Holder	graph_shape_copy_field(eternal-runs)
unit_a3_capture_direct_vs_copy.lm2	29:1	root	Model: left	left: merge: Model	unit_a3_capture_direct_vs_copy(eternal-runs)
unit_a3_node_path.lm2	25:1	root	Model: left	left: merge: Model	unit_a3_node_path(eternal-runs)
unit_admit_letter_coarse.lm2	10:1	root	IntLetter: m	m: merge: IntLetter	unit_admit_letter_coarse(eternal-runs)
unit_arr_path_bounds_refused.lm2	7:1	root	Holder: a	a: merge: Holder	unit_arr_path_bounds_refused(translates)
unit_arr_path_inner_value_refused.lm2	7:1	root	MainLetter: m	m: merge: MainLetter	unit_arr_path_inner_value_refused(l2trans-refuses)
unit_arr_path_three_refused.lm2	6:1	root	MainLetter: m	m: merge: MainLetter	unit_arr_path_three_refused(l2trans-refuses)
unit_arrarr_field.lm2	13:1	root	Holder: h	h: merge: Holder	unit_arrarr_field(eternal-runs)
unit_array_write_general_root_no_field.lm2	16:5	method	Model: fresh	fresh: merge: Model	unit_array_write_general_root_no_field(l2trans-refuses)
unit_bind_candidate_not_name_refused.lm2	13:5	method	Model: t	t: merge: Model	unit_bind_candidate_not_name_refused(l2trans-refuses)
unit_bind_known_b_call_refused.lm2	14:1	root	Model: c	c: merge: Model	unit_bind_known_b_call_refused(l2trans-refuses)
unit_bind_known_b_call_refused.lm2	15:1	root	Model: b	b: merge: Model	unit_bind_known_b_call_refused(l2trans-refuses)
unit_bind_method_used_other_refused.lm2	13:5	method	Other: o	o: merge: Other	unit_bind_method_used_other_refused(l2trans-refuses)
unit_bind_root_ref.lm2	14:1	root	Model: c	c: merge: Model	unit_bind_root_ref(eternal-runs)
unit_bind_root_thin_other.lm2	14:1	root	Other: o	o: merge: Other	unit_bind_root_thin_other(eternal-runs)
unit_bind_root_used_other_refused.lm2	13:1	root	Other: o	o: merge: Other	unit_bind_root_used_other_refused(l2trans-refuses)
unit_callable_formal_site_names_reference.lm2	9:1	root	Model: box	box: merge: Model	unit_callable_formal_site_names_reference(eternal-runs)
unit_callable_formal_site_reference_forwarded.lm2	10:1	root	Model: box	box: merge: Model	unit_callable_formal_site_reference_forwarded(eternal-runs)
unit_callable_formal_site_reference_unasked.lm2	17:1	root	Model: box	box: merge: Model	unit_callable_formal_site_reference_unasked(eternal-runs)
unit_capture_many_fields.lm2	93:1	root	Wide: src	src: merge: Wide	unit_capture_many_fields(eternal-runs)
unit_capture_many_fields_walk.lm2	94:1	root	Wide: src	src: merge: Wide	unit_capture_many_fields_walk(eternal-runs)
unit_capture_struct_call_head_refused.lm2	11:5	method	Model: loc	loc: merge: Model	unit_capture_struct_call_head_refused(l2trans-refuses)
unit_capture_struct_field_array_refused.lm2	11:5	method	Model: loc	loc: merge: Model	unit_capture_struct_field_array_refused(l2trans-refuses)
unit_capture_struct_field_struct_refused.lm2	19:5	method	Model: loc	loc: merge: Model	unit_capture_struct_field_struct_refused(l2trans-refuses)
unit_capture_struct_formal.lm2	20:1	root	Model: left	left: merge: Model	unit_capture_struct_formal(eternal-runs)
unit_capture_struct_nofield_refused.lm2	17:5	method	Model: loc	loc: merge: Model	unit_capture_struct_nofield_refused(l2trans-refuses)
unit_capture_struct_past_refused.lm2	20:5	method	Model: loc	loc: merge: Model	unit_capture_struct_past_refused(l2trans-refuses)
unit_colon_model_decl.lm2	9:1	root	Model: fresh_branch_xyz	fresh_branch_xyz: merge: Model	unit_colon_model_decl(eternal-runs)
unit_d105_perm_native.lm2	19:1	root	Other: o	o: merge: Other	unit_d105_perm_native(eternal-runs)
unit_d105_perm_native.lm2	20:1	root	Model: mm	mm: merge: Model	unit_d105_perm_native(eternal-runs)
unit_d105n_capture.lm2	19:1	root	Other: o	o: merge: Other	unit_d105n_capture(eternal-runs)
unit_d105n_ownfield.lm2	11:1	root	Other: g	g: merge: Other	unit_d105n_ownfield(eternal-runs)
unit_d108_nested_declared_refused.lm2	9:5	method	Model: x	x: merge: Model	unit_d108_nested_declared_refused(l2trans-refuses)
unit_d111_return_declared_refused.lm2	10:5	method	Model: x	x: merge: Model	unit_d111_return_declared_refused(l2trans-refuses)
unit_d112_nested_leaf_refused.lm2	17:5	method	Outer: o	o: merge: Outer	unit_d112_nested_leaf_refused(l2trans-refuses)
unit_field_path_formal_value.lm2	19:1	root	Model: a	a: merge: Model	unit_field_path_formal_value(eternal-runs)
unit_letter_place_forward.lm2	56:1	root	Long: kept	kept: merge: Long	unit_letter_place_forward(eternal-runs),unit_letter_place_forward_walk(eternal-runs)
unit_local_init_graph_place_refused.lm2	10:5	method	Box: t	t: merge: Box	unit_local_init_graph_place_refused(l2trans-refuses)
unit_local_init_graph_place_refused.lm2	14:5	method	Box: b	b: merge: Box	unit_local_init_graph_place_refused(l2trans-refuses)
unit_matrix_parity_extra_struct_native.lm2	13:1	root	Model: p	p: merge: Model	unit_matrix_parity_extra_struct_native(l2trans-refuses)
unit_matrix_path_prim.lm2	7:1	root	Model: m	m: merge: Model	unit_matrix_path_prim(eternal-runs)
unit_model_var_call_method_refused.lm2	10:5	method	S: fresh	fresh: merge: S	unit_model_var_call_method_refused(l2trans-refuses)
unit_named_actual_facts.lm2	56:1	root	Model: unitModel	unitModel: merge: Model	unit_named_actual_facts(eternal-runs),unit_named_actual_facts_walk(eternal-runs)
unit_named_struct_exec_formal_refused.lm2	11:1	root	Model: fresh	fresh: merge: Model	unit_named_struct_exec_formal_refused(l2trans-refuses)
unit_ns_call_arg_bound_refused.lm2	8:5	method	Model: m	m: merge: Model	unit_ns_call_arg_bound_refused(l2trans-refuses)
unit_occ_selector_ident_formal.lm2	28:1	root	Tri: m	m: merge: Tri	unit_occ_selector_ident_formal(eternal-runs)
unit_occ_selector_ordinal_ok.lm2	10:1	root	Cand: c	c: merge: Cand	unit_occ_selector_ordinal_ok(eternal-runs)
unit_occ_selector_read.lm2	17:1	root	Pair: p	p: merge: Pair	unit_occ_selector_read(eternal-runs)
unit_occ_selector_read.lm2	18:1	root	Triple: t	t: merge: Triple	unit_occ_selector_read(eternal-runs)
unit_occ_selector_root.lm2	12:1	root	Tri: r	r: merge: Tri	unit_occ_selector_root(eternal-runs)
unit_occ_selector_unused_first.lm2	12:1	root	Tri: t	t: merge: Tri	unit_occ_selector_unused_first(eternal-runs)
unit_occ_selector_write.lm2	45:1	root	Triple: t	t: merge: Triple	unit_occ_selector_write(eternal-runs)
unit_occ_selector_write.lm2	46:1	root	Pair: p	p: merge: Pair	unit_occ_selector_write(eternal-runs)
unit_pathconv_norow_refused.lm2	7:5	method	Box: b	b: merge: Box	unit_pathconv_norow_refused(l2trans-refuses)
unit_pathconv_root_range.lm2	7:1	root	Box: b	b: merge: Box	unit_pathconv_root_range(eternal-runs)
unit_pathwrite_ref_refused.lm2	12:5	method	Box: b	b: merge: Box	unit_pathwrite_ref_refused(l2trans-refuses)
unit_pathwrite_text_refused.lm2	8:5	method	Box: b	b: merge: Box	unit_pathwrite_text_refused(l2trans-refuses)
unit_prefix_sign_group_ref_refused.lm2	9:5	method	Box: b	b: merge: Box	unit_prefix_sign_group_ref_refused(l2trans-refuses)
unit_prefix_sign_ref_refused.lm2	8:5	method	Box: b	b: merge: Box	unit_prefix_sign_ref_refused(l2trans-refuses)
unit_prefix_sign_text_refused.lm2	6:5	method	Box: b	b: merge: Box	unit_prefix_sign_text_refused(l2trans-refuses)
unit_recv_call_depth_result_refused.lm2	6:1	root	Model: base	base: merge: Model	unit_recv_call_depth_result_refused(l2trans-refuses)
unit_recv_call_result_actual.lm2	15:1	root	Model: base	base: merge: Model	unit_recv_call_result_actual(eternal-runs),unit_recv_call_result_actual_walk(eternal-runs)
unit_recv_call_result_actual.lm2	16:1	root	Other: wide	wide: merge: Other	unit_recv_call_result_actual(eternal-runs),unit_recv_call_result_actual_walk(eternal-runs)
unit_recv_cast_actual_by_name.lm2	14:1	root	Model: base	base: merge: Model	unit_recv_cast_actual_by_name(eternal-runs),unit_recv_cast_actual_by_name_walk(eternal-runs)
unit_recv_cast_actual_by_name.lm2	15:1	root	Other: wide	wide: merge: Other	unit_recv_cast_actual_by_name(eternal-runs),unit_recv_cast_actual_by_name_walk(eternal-runs)
unit_recv_hidden_opaque_typed.lm2	27:1	root	Other: wide	wide: merge: Other	unit_recv_hidden_opaque_typed(eternal-runs),unit_recv_hidden_opaque_typed_walk(eternal-runs)
unit_recv_hidden_opaque_typed.lm2	28:1	root	Thin: bad	bad: merge: Thin	unit_recv_hidden_opaque_typed(eternal-runs),unit_recv_hidden_opaque_typed_walk(eternal-runs)
unit_recv_name_depth_refused.lm2	7:1	root	Model: base	base: merge: Model	unit_recv_name_depth_refused(l2trans-refuses)
unit_recv_opaque_formal_by_name.lm2	14:1	root	Model: good	good: merge: Model	unit_recv_opaque_formal_by_name(eternal-runs),unit_recv_opaque_formal_by_name_walk(eternal-runs)
unit_recv_opaque_formal_by_name.lm2	15:1	root	Other: wide	wide: merge: Other	unit_recv_opaque_formal_by_name(eternal-runs),unit_recv_opaque_formal_by_name_walk(eternal-runs)
unit_recv_opaque_local_by_name.lm2	14:1	root	Other: wide	wide: merge: Other	unit_recv_opaque_local_by_name(eternal-runs),unit_recv_opaque_local_by_name_walk(eternal-runs)
unit_recv_opaque_return_only_refused.lm2	11:1	root	Thin: bad	bad: merge: Thin	unit_recv_opaque_return_only_refused(l2trans-refuses)
unit_recv_opaque_return_typed.lm2	22:1	root	Model: good	good: merge: Model	unit_recv_opaque_return_typed(eternal-runs),unit_recv_opaque_return_typed_walk(eternal-runs)
unit_recv_opaque_return_typed.lm2	23:1	root	Other: wide	wide: merge: Other	unit_recv_opaque_return_typed(eternal-runs),unit_recv_opaque_return_typed_walk(eternal-runs)
unit_recv_opaque_return_typed.lm2	24:1	root	Thin: bad	bad: merge: Thin	unit_recv_opaque_return_typed(eternal-runs),unit_recv_opaque_return_typed_walk(eternal-runs)
unit_recv_possible_formal_catch.lm2	13:1	root	Model: good	good: merge: Model	unit_recv_possible_formal_catch(eternal-runs),unit_recv_possible_formal_catch_walk(eternal-runs)
unit_recv_possible_formal_catch.lm2	14:1	root	Thin: bad	bad: merge: Thin	unit_recv_possible_formal_catch(eternal-runs),unit_recv_possible_formal_catch_walk(eternal-runs)
unit_recv_possible_result_catch.lm2	15:1	root	Model: good	good: merge: Model	unit_recv_possible_result_catch(eternal-runs),unit_recv_possible_result_catch_walk(eternal-runs)
unit_recv_possible_result_catch.lm2	16:1	root	Thin: bad	bad: merge: Thin	unit_recv_possible_result_catch(eternal-runs),unit_recv_possible_result_catch_walk(eternal-runs)
unit_recv_possible_result_only_refused.lm2	12:1	root	Thin: bad	bad: merge: Thin	unit_recv_possible_result_only_refused(l2trans-refuses)
unit_recv_possible_result_uncaught.lm2	12:1	root	Model: good	good: merge: Model	unit_recv_possible_result_uncaught(eternal-runs),unit_recv_possible_result_uncaught_walk(eternal-runs)
unit_recv_possible_result_uncaught.lm2	13:1	root	Thin: bad	bad: merge: Thin	unit_recv_possible_result_uncaught(eternal-runs),unit_recv_possible_result_uncaught_walk(eternal-runs)
unit_ref_absent_at.lm2	5:1	root	Model: A	A: merge: Model	unit_ref_absent_at(l2trans-refuses)
unit_ref_absent_colon.lm2	5:1	root	Model: A	A: merge: Model	unit_ref_absent_colon(l2trans-refuses)
unit_ret_path_segment_refused.lm2	9:5	method	Box: b	b: merge: Box	unit_ret_path_segment_refused(l2trans-refuses)
unit_ret_path_segment_stmt_refused.lm2	7:5	method	Box: b	b: merge: Box	unit_ret_path_segment_stmt_refused(l2trans-refuses)
unit_ret_struct_refused.lm2	8:5	method	Box: b	b: merge: Box	unit_ret_struct_refused(l2trans-refuses)
unit_root_putof.lm2	12:1	root	Model: m	m: merge: Model	unit_root_putof(eternal-runs)
unit_root_ref_bind.lm2	9:1	root	Model: m	m: merge: Model	unit_root_ref_bind(eternal-runs)
unit_root_ref_other_refused.lm2	11:1	root	Other: o	o: merge: Other	unit_root_ref_other_refused(eternal-runs)
unit_root_struct_decl_beside_call.lm2	14:1	root	Model: fresh	fresh: merge: Model	unit_root_struct_decl_beside_call(eternal-runs)
unit_root_struct_decl_beside_call.lm2	15:1	root	Other: o	o: merge: Other	unit_root_struct_decl_beside_call(eternal-runs)
unit_s1_catch_t2.lm2	24:1	root	HelloConfig: cfg	cfg: merge: HelloConfig	unit_s1_catch_t2(eternal-runs)
unit_s1_catch_t2.lm2	25:1	root	HelloConfig: emptyCfg	emptyCfg: merge: HelloConfig	unit_s1_catch_t2(eternal-runs)
unit_s1_merge_uncaught_entry.lm2	9:1	root	P: q	q: merge: P	unit_s1_merge_uncaught_entry(eternal-runs)
unit_site_constructor_reception.lm2	13:1	root	MainLetter: received	received: merge: MainLetter	unit_site_constructor_reception(eternal-runs)
unit_struct_return_assign_refused.lm2	15:5	method	Model: a	a: merge: Model	unit_struct_return_assign_refused(l2trans-refuses)
unit_struct_return_assign_refused.lm2	16:5	method	Model: b	b: merge: Model	unit_struct_return_assign_refused(l2trans-refuses)
unit_until_type_call_method_refused.lm2	7:5	method	E: x	x: merge: E	unit_until_type_call_method_refused(l2trans-refuses)
unit_valkind_arg_ref_refused.lm2	10:5	method	Box: b	b: merge: Box	unit_valkind_arg_ref_refused(l2trans-refuses)
unit_valkind_cond_ref_refused.lm2	10:5	method	Box: b	b: merge: Box	unit_valkind_cond_ref_refused(l2trans-refuses)
unit_valkind_decl_ref_refused.lm2	10:5	method	Box: b	b: merge: Box	unit_valkind_decl_ref_refused(l2trans-refuses)
unit_valkind_op_ref_refused.lm2	10:5	method	Box: b	b: merge: Box	unit_valkind_op_ref_refused(l2trans-refuses)
unit_walk_a3_capture_direct_vs_copy.lm2	30:1	root	Model: left	left: merge: Model	unit_walk_a3_capture_direct_vs_copy(eternal-runs)
unit_walk_a3_node_path.lm2	26:1	root	Model: left	left: merge: Model	unit_walk_a3_node_path(eternal-runs)
unit_walk_d105_nested.lm2	23:1	root	Other: o	o: merge: Other	unit_walk_d105_nested(l2trans-refuses)
unit_walk_d105_perm.lm2	21:1	root	Other: o	o: merge: Other	unit_walk_d105_perm(eternal-runs)
unit_walk_d105_perm.lm2	22:1	root	Model: mm	mm: merge: Model	unit_walk_d105_perm(eternal-runs)
unit_walk_d105n_capture.lm2	19:1	root	Other: o	o: merge: Other	unit_walk_d105n_capture(eternal-runs)
unit_walk_struct_formal.lm2	18:1	root	Model: left	left: merge: Model	unit_walk_struct_formal(eternal-runs)
unit_walk_struct_formal.lm2	19:1	root	Model: right	right: merge: Model	unit_walk_struct_formal(eternal-runs)
