# RESERVED-NAME-BINDINGS migrations (Codex K03-RESERVED-NAME-ANSWER-20261006-02/-03; steps/fable-continuation-20261003.md
# section 108): every program of the tree that bound a word of the language, renamed -- the binding and every reference
# to it, comments included, never a string literal or another name's field.  tokens: renamed occurrences; lines: lines
# touched.  Needles moved by the rename (the new name is longer, left of the refused place):
#   unit_occ_root_named.lm2 18:13 -> 18:15
#   unit_own_last_occurrence.lm2 28:20 -> 28:22
path	old	new	tokens	lines
dev/l2src_sandbox/tests/unit_body_path_absent_refused.lm2	test	mytest	3	3
dev/l2src_sandbox/tests/unit_body_path_bare_refused.lm2	test	mytest	3	3
dev/l2src_sandbox/tests/unit_body_path_catch_pt.lm2	test	mytest	2	2
dev/l2src_sandbox/tests/unit_body_path_deep.lm2	test	mytest	3	3
dev/l2src_sandbox/tests/unit_body_path_else_unwalked.lm2	test	mytest	2	2
dev/l2src_sandbox/tests/unit_body_path_else_while_pt.lm2	test	mytest	2	2
dev/l2src_sandbox/tests/unit_body_path_for.lm2	test	mytest	4	4
dev/l2src_sandbox/tests/unit_body_path_for_pt.lm2	test	mytest	2	2
dev/l2src_sandbox/tests/unit_body_path_if_pt.lm2	test	mytest	2	2
dev/l2src_sandbox/tests/unit_body_path_merge_pt.lm2	test	mytest	2	2
dev/l2src_sandbox/tests/unit_body_path_until_pt.lm2	test	mytest	2	2
dev/l2src_sandbox/tests/unit_body_path_while.lm2	test	mytest	4	4
dev/l2src_sandbox/tests/unit_body_path_while_pt.lm2	test	mytest	2	2
dev/l2src_sandbox/tests/unit_cache_addr_graph.lm2	test	mytest	5	5
dev/l2src_sandbox/tests/unit_cache_branch_dirty.lm2	test	mytest	7	7
dev/l2src_sandbox/tests/unit_cache_ccall.lm2	test	mytest	5	5
dev/l2src_sandbox/tests/unit_cache_failed_store.lm2	test	mytest	7	7
dev/l2src_sandbox/tests/unit_cache_for_call.lm2	test	mytest	3	3
dev/l2src_sandbox/tests/unit_cache_helper_not_boundary.lm2	test	mytest	7	7
dev/l2src_sandbox/tests/unit_cache_no_reload.lm2	test	mytest	8	7
dev/l2src_sandbox/tests/unit_cache_precall.lm2	test	mytest	7	7
dev/l2src_sandbox/tests/unit_cache_precall_bare.lm2	test	mytest	5	5
dev/l2src_sandbox/tests/unit_cache_struct_ref.lm2	test	mytest	6	5
dev/l2src_sandbox/tests/unit_call_args_controls.lm2	test	mytest	3	3
dev/l2src_sandbox/tests/unit_call_args_empty_paren.lm2	test	mytest	3	3
dev/l2src_sandbox/tests/unit_call_args_empty_vertical.lm2	test	mytest	3	3
dev/l2src_sandbox/tests/unit_callable_formal_descriptor.lm2	test	mytest	5	5
dev/l2src_sandbox/tests/unit_callable_formal_sig_refused.lm2	test	mytest	3	3
dev/l2src_sandbox/tests/unit_forj_parent.lm2	test	mytest	3	3
dev/l2src_sandbox/tests/unit_forj_sib.lm2	test	mytest	2	2
dev/l2src_sandbox/tests/unit_forj_stale.lm2	test	mytest	3	3
dev/l2src_sandbox/tests/unit_formal_thin_other.lm2	test	mytest	5	5
dev/l2src_sandbox/tests/unit_formal_used_other_refused.lm2	test	mytest	5	5
dev/l2src_sandbox/tests/unit_next_message_word_definition.lm2	test	mytest	4	4
dev/l2src_sandbox/tests/unit_occ_arg_second_refused.lm2	test	mytest	3	3
dev/l2src_sandbox/tests/unit_occ_arg_slots.lm2	test	mytest	3	3
dev/l2src_sandbox/tests/unit_occ_local_read.lm2	test	mytest	3	3
dev/l2src_sandbox/tests/unit_occ_local_second_refused.lm2	test	mytest	3	3
dev/l2src_sandbox/tests/unit_occ_root_named.lm2	test	mytest	9	9
dev/l2src_sandbox/tests/unit_occ_root_out_of_range_refused.lm2	test	mytest	6	6
dev/l2src_sandbox/tests/unit_own_last_occurrence.lm2	test	mytest	14	11
dev/l2src_sandbox/tests/unit_q24_mixed_type_refused.lm2	test	mytest	3	3
dev/l2src_sandbox/tests/unit_q24_repeated_decl.lm2	test	mytest	12	11
dev/l2src_sandbox/tests/unit_return_fn_level.lm2	test	mytest	2	2
dev/l2src_sandbox/tests/unit_s1_throws_formal_refused.lm2	test	mytest	4	4
dev/l2src_sandbox/tests/unit_value_call_formal.lm2	test	mytest	5	5
dev/l2src_sandbox/tests/unit_walk_body_path_absent_refused.lm2	test	mytest	3	3
dev/l2src_sandbox/tests/unit_walk_body_path_bare_refused.lm2	test	mytest	3	3
dev/l2src_sandbox/tests/unit_walk_body_path_for.lm2	test	mytest	4	4
dev/l2src_sandbox/tests/unit_walk_body_path_while.lm2	test	mytest	4	4
dev/l2src_sandbox/tests/unit_walk_cache_addr_graph.lm2	test	mytest	5	5
dev/l2src_sandbox/tests/unit_walk_cache_branch_dirty.lm2	test	mytest	7	7
dev/l2src_sandbox/tests/unit_walk_cache_ccall.lm2	test	mytest	5	5
dev/l2src_sandbox/tests/unit_walk_cache_failed_store.lm2	test	mytest	7	7
dev/l2src_sandbox/tests/unit_walk_cache_for_call.lm2	test	mytest	3	3
dev/l2src_sandbox/tests/unit_walk_cache_helper_not_boundary.lm2	test	mytest	7	7
dev/l2src_sandbox/tests/unit_walk_cache_no_reload.lm2	test	mytest	8	7
dev/l2src_sandbox/tests/unit_walk_cache_precall.lm2	test	mytest	7	7
dev/l2src_sandbox/tests/unit_walk_cache_precall_bare.lm2	test	mytest	5	5
dev/l2src_sandbox/tests/unit_walk_cache_struct_ref.lm2	test	mytest	6	5
dev/l2src_sandbox/tests/unit_recursion.lm2	sub	recursiveResult	9	9
dev/l2src_sandbox/parser_text_heap.lm2	length	textLength	2	2
dev/l2src_sandbox/parser_trailer_role.lm2	length	textLength	12	12
dev/l2src_sandbox/tests/unit_continue.lm2	until	loopCondition	2	2
dev/l2src_sandbox/tests/unit_while.lm2	until	loopCondition	2	2
dev/l2src_sandbox/tests/unit_paren_long.lm2	long	nestedSum	2	2
