# K03 S6 census disposition (Opus, 2026-10-07): every site of dev/l2src_sandbox/l2trans.lm1 that compares a
# head, an atom or a text with a word, with its class (steps/k03-head-census.tsv; functions new since S1
# classified by their contract) and its disposition: word -- a word of the language, which no program binds
# (l2_bind_admit), so the spelling is the one resolution's word at every site and the comparison dispatches
# that word's own contract; inner -- a word inside a resolved receiver's own written contract; lexical --
# an operator, bracket, separator or path form; file -- predef, library and profile texts.
line	function	class	slice	call	word	disposition
4149	l2_block_until	boundary	-	l2_text_eq	until	word
4157	l2_end_named	boundary	-	l2_text_eq	end	word
4175	l2_fn_close	boundary	-	l2_text_eq	return	word
4177	l2_fn_close	boundary	-	l2_text_eq	end	word
4196	l2_ret_tr	boundary	-	l2_text_eq	return	word
4469	l2_unit_names_method	def	S5	l2_frame_head	fn	word
4469	l2_unit_names_method	def	S5	l2_frame_head	sub	word
4503	l2_receiver_word	set	-	l2_text_eq	sendMessage	word
4503	l2_receiver_word	set	-	l2_text_eq	receiveMessage	word
4503	l2_receiver_word	set	-	l2_text_eq	merge	word
4503	l2_receiver_word	set	-	l2_text_eq	table	word
4503	l2_receiver_word	set	-	l2_text_eq	catch	word
4503	l2_receiver_word	set	-	l2_text_eq	throw	word
4503	l2_receiver_word	set	-	l2_text_eq	throws	word
4503	l2_receiver_word	set	-	l2_text_eq	until	word
4503	l2_receiver_word	set	-	l2_text_eq	end	word
4503	l2_receiver_word	set	-	l2_text_eq	sub	word
4503	l2_receiver_word	set	-	l2_text_eq	fm	word
4503	l2_receiver_word	set	-	l2_text_eq	synchronized	word
4503	l2_receiver_word	set	-	l2_text_eq	length	word
4503	l2_receiver_word	set	-	l2_text_eq	cast	word
4557	l2_merge_construction	def	S5	l2_text_eq	merge	word
4710	l2_tree_branch_root	def	S5	l2_frame_head	()	lexical
4712	l2_tree_branch_root	def	S5	l2_frame_head	independent	word
4712	l2_tree_branch_root	def	S5	l2_frame_head	const	word
4712	l2_tree_branch_root	def	S5	l2_frame_head	immutable	word
4729	l2_unit_defines_branch	def	S5	l2_frame_head	independent	word
4837	l2_unit_role	def	S5	l2_text_eq	fn	word
4837	l2_unit_role	def	S5	l2_text_eq	sub	word
4839	l2_unit_role	def	S5	l2_text_eq	independent	word
4841	l2_unit_role	def	S5	l2_text_eq	os	word
4876	l2_ns_field_word	def	S5	l2_text_eq	size_t	word
4876	l2_ns_field_word	def	S5	l2_text_eq	int	word
4876	l2_ns_field_word	def	S5	l2_text_eq	unsigned	word
4876	l2_ns_field_word	def	S5	l2_text_eq	ulong	word
4876	l2_ns_field_word	def	S5	l2_text_eq	char	word
4878	l2_ns_field_word	def	S5	l2_text_eq	[]	lexical
4878	l2_ns_field_word	def	S5	l2_text_eq	()	lexical
4878	l2_ns_field_word	def	S5	l2_text_eq	fn	word
4883	l2_ns_field_needs	def	S5	l2_text_eq	fn	word
4885	l2_ns_field_needs	def	S5	l2_text_eq	[]	lexical
4887	l2_ns_field_needs	def	S5	l2_text_eq	()	lexical
5120	l2_ns_proc_add	boundary	-	l2_text_eq	until	word
5184	l2_ns_exec_scan	stmt	S2+S3	l2_frame_head	else	word
5481	l2_translate_unit	def	S5	l2_text_eq	predef	word
5483	l2_translate_unit	def	S5	l2_text_eq	define	word
5485	l2_translate_unit	def	S5	l2_text_eq	include	word
5487	l2_translate_unit	def	S5	l2_text_eq	profile	word
5650	l2_parse_library	file	-	l2_text_eq	l2_program_entry	file
5650	l2_parse_library	file	-	l2_text_eq	l2_program_build	file
5650	l2_parse_library	file	-	l2_text_eq	l2_program_thread	file
5650	l2_parse_library	file	-	l2_text_eq	l2_program_unit	file
5650	l2_parse_library	file	-	l2_text_eq	l2_program_graph	file
5650	l2_parse_library	file	-	l2_text_eq	l2_program_qualified_roots	file
5650	l2_parse_library	file	-	l2_text_eq	l2_program_qualified_count	file
5650	l2_parse_library	file	-	l2_text_eq	l2_program_qualified_at	file
5650	l2_parse_library	file	-	l2_text_eq	l2_library_open	file
5650	l2_parse_library	file	-	l2_text_eq	l2_library_runtime	file
5650	l2_parse_library	file	-	l2_text_eq	l2_library_root	file
5650	l2_parse_library	file	-	l2_text_eq	l2_library_opened	file
5650	l2_parse_library	file	-	l2_text_eq	l2_library_message	file
5650	l2_parse_library	file	-	l2_text_eq	l2_library_unit	file
5754	l2_ident	set	-	l2_text_eq	fn	word
5754	l2_ident	set	-	l2_text_eq	int	word
5754	l2_ident	set	-	l2_text_eq	return	word
5754	l2_ident	set	-	l2_text_eq	if	word
5754	l2_ident	set	-	l2_text_eq	else	word
5754	l2_ident	set	-	l2_text_eq	while	word
5754	l2_ident	set	-	l2_text_eq	for	word
5754	l2_ident	set	-	l2_text_eq	node	word
6790	l2_take_profile	file	-	l2_text_eq	runtime	file
6915	l2_predef_file_has_type	file	-	l2_frame_head	struct	file
6915	l2_predef_file_has_type	file	-	l2_frame_head	fnptr	file
6925	l2_predef_file_has_type	file	-	l2_frame_head	predef	file
6935	l2_predef_file_has_type	file	-	l2_frame_head	include	file
7113	l2_predef_file_define	file	-	l2_frame_head	define	file
7123	l2_predef_file_define	file	-	l2_frame_head	predef	file
7230	l2_head_word	set	-	l2_text_eq	break	word
7230	l2_head_word	set	-	l2_text_eq	continue	word
7230	l2_head_word	set	-	l2_text_eq	sizeof	word
7230	l2_head_word	set	-	l2_text_eq	const	word
7232	l2_head_word	set	-	l2_text_eq	immutable	word
7232	l2_head_word	set	-	l2_text_eq	independent	word
7232	l2_head_word	set	-	l2_text_eq	implements	word
7232	l2_head_word	set	-	l2_text_eq	test	word
7232	l2_head_word	set	-	l2_text_eq	post	word
7232	l2_head_word	set	-	l2_text_eq	external	word
7234	l2_head_word	set	-	l2_text_eq	short	word
7234	l2_head_word	set	-	l2_text_eq	long	word
7234	l2_head_word	set	-	l2_text_eq	float	word
7234	l2_head_word	set	-	l2_text_eq	double	word
7234	l2_head_word	set	-	l2_text_eq	signed	word
7234	l2_head_word	set	-	l2_text_eq	_Bool	word
7243	l2_unit_word	set	-	l2_text_eq	predef	word
7243	l2_unit_word	set	-	l2_text_eq	define	word
7243	l2_unit_word	set	-	l2_text_eq	include	word
7243	l2_unit_word	set	-	l2_text_eq	profile	word
7243	l2_unit_word	set	-	l2_text_eq	prototype	word
7243	l2_unit_word	set	-	l2_text_eq	os	word
7466	l2_predef_file_has_function	file	-	l2_frame_head	prototype	file
7470	l2_predef_file_has_function	file	-	l2_frame_head	fn	file
7470	l2_predef_file_has_function	file	-	l2_frame_head	sub	file
7479	l2_predef_file_has_function	file	-	l2_frame_head	predef	file
7524	l2_ret_type_word	lexical	-	l2_text_eq	int	word
7527	l2_ret_type_word	lexical	-	l2_text_eq	char	word
7530	l2_ret_type_word	lexical	-	l2_text_eq	size_t	word
7533	l2_ret_type_word	lexical	-	l2_text_eq	unsigned	word
7536	l2_ret_type_word	lexical	-	l2_text_eq	ulong	word
7539	l2_ret_type_word	lexical	-	l2_text_eq	void	word
7552	l2_ret_type_word	lexical	-	l2_text_eq	char	word
7555	l2_ret_type_word	lexical	-	l2_text_eq	char	word
7558	l2_ret_type_word	lexical	-	l2_text_eq	void	word
7561	l2_ret_type_word	lexical	-	l2_text_eq	char	word
7639	l2_predef_file_result_ty	file	-	l2_frame_head	prototype	file
7643	l2_predef_file_result_ty	file	-	l2_frame_head	fn	file
7643	l2_predef_file_result_ty	file	-	l2_frame_head	sub	file
7658	l2_predef_file_result_ty	file	-	l2_frame_head	sub	file
7670	l2_predef_file_result_ty	file	-	l2_frame_head	predef	file
7828	l2_resolve_type_atom	lexical	-	l2_text_eq	Lmx	inner
8056	l2_ptr_type_word	set	-	l2_text_eq	char	word
8059	l2_ptr_type_word	set	-	l2_text_eq	size_t	word
8062	l2_ptr_type_word	set	-	l2_text_eq	int	word
8065	l2_ptr_type_word	set	-	l2_text_eq	void	word
8068	l2_ptr_type_word	set	-	l2_text_eq	unsigned	word
8071	l2_ptr_type_word	set	-	l2_text_eq	ulong	word
8074	l2_ptr_type_word	set	-	l2_text_eq	char	word
8077	l2_ptr_type_word	set	-	l2_text_eq	size_t	word
8080	l2_ptr_type_word	set	-	l2_text_eq	int	word
8083	l2_ptr_type_word	set	-	l2_text_eq	void	word
8086	l2_ptr_type_word	set	-	l2_text_eq	unsigned	word
8089	l2_ptr_type_word	set	-	l2_text_eq	ulong	word
8121	l2_kernel_ptr_word	lexical	-	l2_text_eq	char	word
8188	l2_contract_type	def	S5	l2_frame_head	[]	lexical
8190	l2_contract_type	def	S5	l2_frame_head	const	word
8192	l2_contract_type	def	S5	l2_frame_head	immutable	word
8194	l2_contract_type	def	S5	l2_frame_head	independent	word
8275	l2_declaration	def	S5	l2_text_eq	[]	lexical
8277	l2_declaration	def	S5	l2_text_eq	const	word
8279	l2_declaration	def	S5	l2_text_eq	immutable	word
8281	l2_declaration	def	S5	l2_text_eq	independent	word
8422	l2_contract_own	lexical	-	l2_text_eq	int	word
8424	l2_contract_own	lexical	-	l2_text_eq	char	word
8426	l2_contract_own	lexical	-	l2_text_eq	size_t	word
8428	l2_contract_own	lexical	-	l2_text_eq	ulong	word
8441	l2_contract_own	lexical	-	l2_text_eq	int	word
8443	l2_contract_own	lexical	-	l2_text_eq	char	word
8445	l2_contract_own	lexical	-	l2_text_eq	size_t	word
8447	l2_contract_own	lexical	-	l2_text_eq	unsigned	word
8449	l2_contract_own	lexical	-	l2_text_eq	ulong	word
8509	l2_check_os_fn	contract	-	l2_frame_head	fn	word
8520	l2_check_os_fn	contract	-	l2_frame_head	@	lexical
8525	l2_check_os_fn	contract	-	l2_text_eq	char	word
8570	l2_check_os	contract	-	l2_frame_head	os	word
8576	l2_check_os	contract	-	l2_frame_head	win	inner
8576	l2_check_os	contract	-	l2_frame_head	default	inner
8680	l2_emit_os	contract	-	l2_frame_head	win	inner
8680	l2_emit_os	contract	-	l2_frame_head	default	inner
8851	l2_colon_is_graph_ty	lexical	-	l2_text_eq	Lmx	inner
8993	l2_colon_simple_ty	value	S4	l2_text_eq	sizeof	word
8993	l2_colon_simple_ty	value	S4	l2_text_eq	length	word
8999	l2_colon_simple_ty	value	S4	l2_text_eq	cast	word
9149	l2_table_formals	descriptive	-	l2_frame_head	fn	word
9290	l2_bind_node	def	S5	l2_frame_head	fn	word
9290	l2_bind_node	def	S5	l2_frame_head	sub	word
9326	l2_bind_node_content	def	S5	l2_frame_head	fn	word
9326	l2_bind_node_content	def	S5	l2_frame_head	sub	word
10209	l2_tables_in	contract	-	l2_frame_head	table	word
10211	l2_tables_in	contract	-	l2_payload_eq	source	inner
10593	l2_prefix_sign	lexical	-	l2_text_eq	-	lexical
10595	l2_prefix_sign	lexical	-	l2_text_eq	+	lexical
10752	l2_native_zero	lexical	-	l2_text_eq	0	lexical
11154	l2_check_ret_convert	value	S4	l2_frame_head	merge	word
11215	l2_pointer_compatible	lexical	-	l2_text_eq	void	word
11215	l2_pointer_compatible	lexical	-	l2_text_eq	void	word
11361	l2_check_receiving_value	value	S4	l2_text_eq	sizeof	word
11365	l2_check_receiving_value	value	S4	l2_text_eq	length	word
11652	l2_reference_source	value	S4	l2_frame_head	cast	word
11867	l2_lit_field_kind	lexical	-	l2_frame_head	size_t	word
11869	l2_lit_field_kind	lexical	-	l2_frame_head	char	word
11871	l2_lit_field_kind	lexical	-	l2_frame_head	int	word
11873	l2_lit_field_kind	lexical	-	l2_frame_head	unsigned	word
11875	l2_lit_field_kind	lexical	-	l2_frame_head	ulong	word
11912	l2_ns_empty	boundary	-	l2_text_eq	until	word
12076	l2_local_absent_def	def	S5	l2_text_eq	end	word
12328	l2_body_calls_name	stmt	S2+S3	l2_frame_head	else	word
12434	l2_receive_msg_shape	contract	-	l2_text_eq	receiveMessage	word
12760	l2_own_is_slot	lexical	-	l2_frame_head	@	lexical
12852	l2_own_cached	contract	-	l2_frame_head	catch	word
13107	l2_collect_asgn_body	def	S5	l2_frame_head	catch	word
13222	l2_collect_asgn_body	def	S5	l2_frame_head	if	word
13238	l2_collect_asgn_body	def	S5	l2_frame_head	else	word
13245	l2_collect_asgn_body	def	S5	l2_frame_head	else	word
13247	l2_collect_asgn_body	def	S5	l2_frame_head	else	word
13250	l2_collect_asgn_body	def	S5	l2_frame_head	while	word
13266	l2_collect_asgn_body	def	S5	l2_frame_head	for	word
13301	l2_collect_asgn_body	def	S5	l2_frame_head	if	word
13301	l2_collect_asgn_body	def	S5	l2_frame_head	while	word
13301	l2_collect_asgn_body	def	S5	l2_frame_head	for	word
13303	l2_collect_asgn_body	def	S5	l2_frame_head	if	word
13303	l2_collect_asgn_body	def	S5	l2_frame_head	while	word
13303	l2_collect_asgn_body	def	S5	l2_frame_head	for	word
13419	l2_collect_decls	def	S5	l2_frame_head	catch	word
13438	l2_collect_decls	def	S5	l2_frame_head	if	word
13456	l2_collect_decls	def	S5	l2_frame_head	else	word
13465	l2_collect_decls	def	S5	l2_frame_head	else	word
13467	l2_collect_decls	def	S5	l2_frame_head	else	word
13470	l2_collect_decls	def	S5	l2_frame_head	while	word
13489	l2_collect_decls	def	S5	l2_frame_head	for	word
13527	l2_collect_decls	def	S5	l2_frame_head	[]	lexical
13529	l2_collect_decls	def	S5	l2_frame_head	if	word
13531	l2_collect_decls	def	S5	l2_frame_head	if	word
13533	l2_collect_decls	def	S5	l2_frame_head	if	word
13561	l2_collect_decls	def	S5	l2_frame_head	if	word
13679	l2_scan_ident	name	S2+S3	l2_text_eq	return	word
13679	l2_scan_ident	name	S2+S3	l2_text_eq	if	word
13679	l2_scan_ident	name	S2+S3	l2_text_eq	else	word
13679	l2_scan_ident	name	S2+S3	l2_text_eq	while	word
13679	l2_scan_ident	name	S2+S3	l2_text_eq	for	word
13679	l2_scan_ident	name	S2+S3	l2_text_eq	continue	word
13679	l2_scan_ident	name	S2+S3	l2_text_eq	break	word
13679	l2_scan_ident	name	S2+S3	l2_text_eq	fn	word
13679	l2_scan_ident	name	S2+S3	l2_text_eq	sub	word
13679	l2_scan_ident	name	S2+S3	l2_text_eq	end	word
13679	l2_scan_ident	name	S2+S3	l2_text_eq	node	word
13679	l2_scan_ident	name	S2+S3	l2_text_eq	length	word
13679	l2_scan_ident	name	S2+S3	l2_text_eq	sizeof	word
13679	l2_scan_ident	name	S2+S3	l2_text_eq	cast	word
13834	l2_scan_node	name	S2+S3	l2_frame_head	@	lexical
13849	l2_scan_node	name	S2+S3	l2_frame_head	implements	word
13853	l2_scan_node	name	S2+S3	l2_frame_head	cast	word
13885	l2_scan_node	name	S2+S3	l2_frame_head	merge	word
13934	l2_scan_fields	value	S4	l2_text_eq	node	word
13946	l2_scan_fields	value	S4	l2_text_eq	[	lexical
13950	l2_scan_fields	value	S4	l2_text_eq	@	lexical
14017	l2_scan_body	stmt	S2+S3	l2_frame_head	fn	word
14049	l2_scan_body	stmt	S2+S3	l2_frame_head	sendMessage	word
14088	l2_scan_body	stmt	S2+S3	l2_frame_head	throws	word
14091	l2_scan_body	stmt	S2+S3	l2_frame_head	throw	word
14098	l2_scan_body	stmt	S2+S3	l2_frame_head	catch	word
14160	l2_scan_body	stmt	S2+S3	l2_frame_head	if	word
14178	l2_scan_body	stmt	S2+S3	l2_frame_head	else	word
14185	l2_scan_body	stmt	S2+S3	l2_frame_head	else	word
14187	l2_scan_body	stmt	S2+S3	l2_frame_head	else	word
14190	l2_scan_body	stmt	S2+S3	l2_frame_head	while	word
14208	l2_scan_body	stmt	S2+S3	l2_frame_head	for	word
14248	l2_scan_body	stmt	S2+S3	l2_frame_head	merge	word
14252	l2_scan_body	stmt	S2+S3	l2_frame_head	if	word
14252	l2_scan_body	stmt	S2+S3	l2_frame_head	while	word
14252	l2_scan_body	stmt	S2+S3	l2_frame_head	for	word
14283	l2_scan_body	stmt	S2+S3	l2_frame_head	if	word
14283	l2_scan_body	stmt	S2+S3	l2_frame_head	while	word
14283	l2_scan_body	stmt	S2+S3	l2_frame_head	for	word
14304	l2_scan_body	stmt	S2+S3	l2_frame_head	if	word
14304	l2_scan_body	stmt	S2+S3	l2_frame_head	while	word
14304	l2_scan_body	stmt	S2+S3	l2_frame_head	for	word
14306	l2_scan_body	stmt	S2+S3	l2_frame_head	if	word
14306	l2_scan_body	stmt	S2+S3	l2_frame_head	while	word
14306	l2_scan_body	stmt	S2+S3	l2_frame_head	for	word
15090	l2_ty_raw_c_members	lexical	-	l2_text_eq	Lmx	inner
15369	l2_field_index_group	lexical	-	l2_text_eq	[	lexical
15378	l2_field_index_group	lexical	-	l2_text_eq	[	lexical
15380	l2_field_index_group	lexical	-	l2_text_eq	]	lexical
15465	l2_foreign_record_pointer	lexical	-	l2_text_eq	Lmx	inner
15657	l2_occ_run	lexical	-	l2_text_eq	[	lexical
15663	l2_occ_run	lexical	-	l2_text_eq	]	lexical
15907	l2_array_length_own	contract	-	l2_frame_head	length	word
15920	l2_array_length_own	contract	-	l2_text_eq	for	word
15920	l2_array_length_own	contract	-	l2_text_eq	node	word
16020	l2_unimpl_numeric	def	S5	l2_frame_head	float	word
16022	l2_unimpl_numeric	def	S5	l2_frame_head	short	word
16024	l2_unimpl_numeric	def	S5	l2_frame_head	signed	word
16026	l2_unimpl_numeric	def	S5	l2_frame_head	_Bool	word
16028	l2_unimpl_numeric	def	S5	l2_frame_head	double	word
16030	l2_unimpl_numeric	def	S5	l2_frame_head	long	word
16032	l2_unimpl_numeric	def	S5	l2_frame_head	llong	inner
16034	l2_unimpl_numeric	def	S5	l2_frame_head	ullong	inner
16036	l2_unimpl_numeric	def	S5	l2_frame_head	uint	inner
16038	l2_unimpl_numeric	def	S5	l2_frame_head	u8	inner
16038	l2_unimpl_numeric	def	S5	l2_frame_head	u16	inner
16038	l2_unimpl_numeric	def	S5	l2_frame_head	u32	inner
16038	l2_unimpl_numeric	def	S5	l2_frame_head	u64	inner
16040	l2_unimpl_numeric	def	S5	l2_frame_head	i8	inner
16040	l2_unimpl_numeric	def	S5	l2_frame_head	i16	inner
16040	l2_unimpl_numeric	def	S5	l2_frame_head	i32	inner
16040	l2_unimpl_numeric	def	S5	l2_frame_head	i64	inner
16042	l2_unimpl_numeric	def	S5	l2_frame_head	wchar_t	inner
18848	l2_src_one	stmt	S2+S3	l2_text_eq	if	word
18848	l2_src_one	stmt	S2+S3	l2_text_eq	while	word
18885	l2_src_one	stmt	S2+S3	l2_text_eq	if	word
18885	l2_src_one	stmt	S2+S3	l2_frame_head	else	word
18938	l2_src_one	stmt	S2+S3	l2_text_eq	for	word
18983	l2_src_one	stmt	S2+S3	l2_text_eq	catch	word
19016	l2_src_one	stmt	S2+S3	l2_text_eq	else	word
19016	l2_src_one	stmt	S2+S3	l2_text_eq	until	word
19016	l2_src_one	stmt	S2+S3	l2_text_eq	fn	word
19016	l2_src_one	stmt	S2+S3	l2_text_eq	throw	word
19016	l2_src_one	stmt	S2+S3	l2_text_eq	throws	word
19020	l2_src_one	stmt	S2+S3	l2_text_eq	receiveMessage	word
19036	l2_src_one	stmt	S2+S3	l2_text_eq	sendMessage	word
19056	l2_src_one	stmt	S2+S3	l2_text_eq	int	word
19056	l2_src_one	stmt	S2+S3	l2_text_eq	char	word
19056	l2_src_one	stmt	S2+S3	l2_text_eq	size_t	word
19056	l2_src_one	stmt	S2+S3	l2_text_eq	unsigned	word
19056	l2_src_one	stmt	S2+S3	l2_text_eq	ulong	word
19099	l2_src_one	stmt	S2+S3	l2_text_eq	[]	lexical
19351	l2_for_cstyle	contract	-	l2_frame_head	for	word
19380	l2_for_cstyle	contract	-	l2_text_eq	++	lexical
19380	l2_for_cstyle	contract	-	l2_text_eq	--	lexical
19392	l2_slot_decl_ty	def	S5	l2_frame_head	@	lexical
19406	l2_slot_decl_ty	def	S5	l2_text_eq	char	word
19408	l2_slot_decl_ty	def	S5	l2_text_eq	size_t	word
19430	l2_is_plus	lexical	-	l2_text_eq	+	lexical
19430	l2_is_plus	lexical	-	l2_text_eq	/	lexical
19430	l2_is_plus	lexical	-	l2_text_eq	-	lexical
19430	l2_is_plus	lexical	-	l2_text_eq	*	lexical
19430	l2_is_plus	lexical	-	l2_text_eq	%	lexical
19432	l2_is_plus	lexical	-	l2_text_eq	&	lexical
19432	l2_is_plus	lexical	-	l2_text_eq	|	lexical
19432	l2_is_plus	lexical	-	l2_text_eq	<<	lexical
19432	l2_is_plus	lexical	-	l2_text_eq	>>	lexical
19437	l2_is_cmp	lexical	-	l2_text_eq	<	lexical
19437	l2_is_cmp	lexical	-	l2_text_eq	>	lexical
19437	l2_is_cmp	lexical	-	l2_text_eq	=	lexical
19437	l2_is_cmp	lexical	-	l2_text_eq	!=	lexical
19437	l2_is_cmp	lexical	-	l2_text_eq	<=	lexical
19437	l2_is_cmp	lexical	-	l2_text_eq	>=	lexical
19442	l2_is_andor	lexical	-	l2_text_eq	&&	lexical
19442	l2_is_andor	lexical	-	l2_text_eq	||	lexical
19447	l2_is_brack	lexical	-	l2_text_eq	[	lexical
19447	l2_is_brack	lexical	-	l2_text_eq	]	lexical
19559	l2_is_or_atom	lexical	-	l2_text_eq	||	lexical
19564	l2_is_and_atom	lexical	-	l2_text_eq	&&	lexical
19983	l2_primitive_leaf_implements	contract	-	l2_payload_eq	void	word
19983	l2_primitive_leaf_implements	contract	-	l2_payload_eq	void	word
19983	l2_primitive_leaf_implements	contract	-	l2_payload_eq	None	inner
19983	l2_primitive_leaf_implements	contract	-	l2_payload_eq	None	inner
20942	l2_throws_frame	descriptive	-	l2_frame_head	throws	word
21008	l2_check_throws_list	descriptive	-	l2_frame_head	throws	word
21047	l2_scope_block	contract	-	l2_frame_head	else	word
21050	l2_scope_block	contract	-	l2_frame_head	catch	word
21052	l2_scope_block	contract	-	l2_frame_head	for	word
21066	l2_catch_name	contract	-	l2_frame_head	catch	word
21076	l2_catch_params	contract	-	l2_frame_head	catch	word
21100	l2_block_catch	contract	-	l2_frame_head	catch	word
21118	l2_block_has_catch	contract	-	l2_frame_head	catch	word
21148	l2_catch_find	contract	-	l2_frame_head	catch	word
21389	l2_check_catch	contract	-	l2_frame_head	catch	word
21586	l2_emit_pad	contract	-	l2_frame_head	catch	word
21990	l2_is_letter_value	lexical	-	l2_text_eq	@	lexical
21996	l2_is_letter_value	lexical	-	l2_frame_head	@	lexical
22275	l2_ns_arrarr_field	def	S5	l2_frame_head	int	word
22278	l2_ns_arrarr_field	def	S5	l2_frame_head	char	word
22285	l2_ns_arrarr_field	def	S5	l2_frame_head	[]	lexical
22288	l2_ns_arrarr_field	def	S5	l2_frame_head	[]	lexical
22801	l2_take_ns_body	def	S5	l2_frame_head	[]	lexical
22808	l2_take_ns_body	def	S5	l2_text_eq	int	word
22810	l2_take_ns_body	def	S5	l2_text_eq	char	word
22829	l2_take_ns_body	def	S5	l2_frame_head	size_t	word
22851	l2_take_ns_body	def	S5	l2_frame_head	int	word
22872	l2_take_ns_body	def	S5	l2_frame_head	unsigned	word
22886	l2_take_ns_body	def	S5	l2_frame_head	ulong	word
22900	l2_take_ns_body	def	S5	l2_frame_head	char	word
22917	l2_take_ns_body	def	S5	l2_frame_head	fn	word
22931	l2_take_ns_body	def	S5	l2_frame_head	()	lexical
24883	l2_field_path_check	lexical	-	l2_text_eq	node	word
24981	l2_path_chain	lexical	-	l2_text_eq	node	word
25245	l2_arr_operand	lexical	-	l2_text_eq	[	lexical
25261	l2_arr_operand	lexical	-	l2_text_eq	[	lexical
25266	l2_arr_operand	lexical	-	l2_text_eq	]	lexical
25356	l2_arr_len_shape	contract	-	l2_frame_head	length	word
25436	l2_take_named	boundary	-	l2_text_eq	until	word
25455	l2_take_eternal	def	S5	l2_text_eq	independent	word
25457	l2_take_eternal	def	S5	l2_frame_head	independent	word
25462	l2_take_eternal	def	S5	l2_frame_head	const	word
25465	l2_take_eternal	def	S5	l2_frame_head	immutable	word
25468	l2_take_eternal	def	S5	l2_frame_head	()	lexical
25510	l2_end_text	boundary	-	l2_text_eq	end	word
25535	l2_typed_formal	descriptive	-	l2_frame_head	fn	word
25628	l2_fn_defined	def	S5	l2_frame_head	sub	word
25630	l2_fn_defined	def	S5	l2_frame_head	fn	word
25696	l2_unit_defined_fn	def	S5	l2_frame_head	fn	word
25696	l2_unit_defined_fn	def	S5	l2_frame_head	sub	word
25719	l2_bind_same_unit_forward	def	S5	l2_frame_head	sub	word
25947	l2_collect_method_body	def	S5	l2_frame_head	sub	word
25971	l2_collect_method_body	def	S5	l2_text_eq	end	word
25971	l2_collect_method_body	def	S5	l2_text_eq	return	word
26066	l2_collect_method_body	def	S5	l2_frame_head	fn	word
26113	l2_collect_method_body	def	S5	l2_frame_head	fn	word
26142	l2_check_word_value	contract	-	l2_text_eq	merge	word
26146	l2_check_word_value	contract	-	l2_text_eq	cast	word
26146	l2_check_word_value	contract	-	l2_text_eq	sizeof	word
26146	l2_check_word_value	contract	-	l2_text_eq	length	word
26149	l2_check_word_value	contract	-	l2_text_eq	cast	word
26151	l2_check_word_value	contract	-	l2_text_eq	sizeof	word
26154	l2_check_word_value	contract	-	l2_text_eq	while	word
26154	l2_check_word_value	contract	-	l2_text_eq	for	word
26154	l2_check_word_value	contract	-	l2_text_eq	continue	word
26154	l2_check_word_value	contract	-	l2_text_eq	break	word
26156	l2_check_word_value	contract	-	l2_text_eq	if	word
26156	l2_check_word_value	contract	-	l2_text_eq	else	word
26156	l2_check_word_value	contract	-	l2_text_eq	return	word
26156	l2_check_word_value	contract	-	l2_text_eq	fn	word
26156	l2_check_word_value	contract	-	l2_text_eq	node	word
26160	l2_check_word_value	contract	-	l2_text_eq	implements	word
26165	l2_check_word_value	contract	-	l2_text_eq	fm	word
26165	l2_check_word_value	contract	-	l2_text_eq	synchronized	word
26165	l2_check_word_value	contract	-	l2_text_eq	test	word
26165	l2_check_word_value	contract	-	l2_text_eq	post	word
26165	l2_check_word_value	contract	-	l2_text_eq	external	word
26307	l2_check_primary	value	S4	l2_frame_head	@	lexical
26330	l2_check_primary	value	S4	l2_text_eq	cast	word
26341	l2_check_primary	value	S4	l2_text_eq	sizeof	word
26344	l2_check_primary	value	S4	l2_text_eq	implements	word
26351	l2_check_primary	value	S4	l2_text_eq	length	word
26834	l2_check_call_at	call	S4+S6	l2_frame_head	merge	word
27077	l2_ptr_arith_ty	lexical	-	l2_text_eq	+	lexical
27077	l2_ptr_arith_ty	lexical	-	l2_text_eq	-	lexical
27102	l2_ptr_land_ty	lexical	-	l2_frame_head	return	word
27382	l2_check_fields	value	S4	l2_text_eq	[	lexical
27390	l2_check_fields	value	S4	l2_text_eq	]	lexical
27411	l2_check_fields	value	S4	l2_text_eq	[	lexical
27419	l2_check_fields	value	S4	l2_text_eq	]	lexical
27465	l2_check_fields	value	S4	l2_text_eq	[	lexical
27471	l2_check_fields	value	S4	l2_text_eq	@	lexical
27473	l2_check_fields	value	S4	l2_text_eq	@	lexical
27875	l2_discard_run	stmt	S2+S3	l2_text_eq	break	word
27875	l2_discard_run	stmt	S2+S3	l2_text_eq	continue	word
27875	l2_discard_run	stmt	S2+S3	l2_text_eq	return	word
27893	l2_check_word_stmt	contract	-	l2_text_eq	break	word
27893	l2_check_word_stmt	contract	-	l2_text_eq	continue	word
27901	l2_check_word_stmt	contract	-	l2_text_eq	end	word
27901	l2_check_word_stmt	contract	-	l2_text_eq	until	word
27905	l2_check_word_stmt	contract	-	l2_text_eq	table	word
27908	l2_check_word_stmt	contract	-	l2_text_eq	catch	word
27910	l2_check_word_stmt	contract	-	l2_text_eq	throw	word
27914	l2_check_word_stmt	contract	-	l2_text_eq	throws	word
27923	l2_check_word_stmt	contract	-	l2_text_eq	fm	word
27923	l2_check_word_stmt	contract	-	l2_text_eq	synchronized	word
27923	l2_check_word_stmt	contract	-	l2_text_eq	test	word
27923	l2_check_word_stmt	contract	-	l2_text_eq	post	word
27923	l2_check_word_stmt	contract	-	l2_text_eq	external	word
27930	l2_check_word_stmt	contract	-	l2_text_eq	merge	word
27930	l2_check_word_stmt	contract	-	l2_text_eq	length	word
27930	l2_check_word_stmt	contract	-	l2_text_eq	cast	word
27930	l2_check_word_stmt	contract	-	l2_text_eq	sizeof	word
27933	l2_check_word_stmt	contract	-	l2_text_eq	merge	word
27935	l2_check_word_stmt	contract	-	l2_text_eq	length	word
27937	l2_check_word_stmt	contract	-	l2_text_eq	cast	word
27944	l2_check_word_stmt	contract	-	l2_text_eq	return	word
27948	l2_check_word_stmt	contract	-	l2_text_eq	sendMessage	word
27950	l2_check_word_stmt	contract	-	l2_text_eq	receiveMessage	word
27952	l2_check_word_stmt	contract	-	l2_text_eq	for	word
28022	l2_check_body	stmt	S2+S3	l2_frame_head	merge	word
28025	l2_check_body	stmt	S2+S3	l2_frame_head	fn	word
28106	l2_check_body	stmt	S2+S3	l2_frame_head	[]	lexical
28144	l2_check_body	stmt	S2+S3	l2_frame_head	if	word
28172	l2_check_body	stmt	S2+S3	l2_frame_head	else	word
28174	l2_check_body	stmt	S2+S3	l2_frame_head	else	word
28176	l2_check_body	stmt	S2+S3	l2_frame_head	else	word
28183	l2_check_body	stmt	S2+S3	l2_frame_head	else	word
28185	l2_check_body	stmt	S2+S3	l2_frame_head	else	word
28188	l2_check_body	stmt	S2+S3	l2_frame_head	while	word
28221	l2_check_body	stmt	S2+S3	l2_frame_head	for	word
28265	l2_check_body	stmt	S2+S3	l2_frame_head	if	word
28273	l2_check_body	stmt	S2+S3	l2_frame_head	if	word
28280	l2_check_body	stmt	S2+S3	l2_frame_head	if	word
28285	l2_check_body	stmt	S2+S3	l2_frame_head	if	word
28288	l2_check_body	stmt	S2+S3	l2_frame_head	if	word
28324	l2_check_body	stmt	S2+S3	l2_frame_head	if	word
28326	l2_check_body	stmt	S2+S3	l2_frame_head	if	word
28332	l2_check_body	stmt	S2+S3	l2_frame_head	sendMessage	word
28393	l2_check_body	stmt	S2+S3	l2_frame_head	if	word
28404	l2_check_body	stmt	S2+S3	l2_frame_head	if	word
28406	l2_check_body	stmt	S2+S3	l2_frame_head	if	word
28409	l2_check_body	stmt	S2+S3	l2_frame_head	if	word
28414	l2_check_body	stmt	S2+S3	l2_frame_head	if	word
28419	l2_check_body	stmt	S2+S3	l2_frame_head	if	word
28427	l2_check_body	stmt	S2+S3	l2_frame_head	if	word
28429	l2_check_body	stmt	S2+S3	l2_frame_head	if	word
28431	l2_check_body	stmt	S2+S3	l2_frame_head	if	word
28434	l2_check_body	stmt	S2+S3	l2_frame_head	if	word
28443	l2_check_body	stmt	S2+S3	l2_frame_head	if	word
28449	l2_check_body	stmt	S2+S3	l2_frame_head	if	word
28457	l2_check_body	stmt	S2+S3	l2_frame_head	if	word
28467	l2_check_body	stmt	S2+S3	l2_frame_head	if	word
28473	l2_check_body	stmt	S2+S3	l2_frame_head	if	word
28475	l2_check_body	stmt	S2+S3	l2_frame_head	if	word
28482	l2_check_body	stmt	S2+S3	l2_frame_head	if	word
28489	l2_check_body	stmt	S2+S3	l2_frame_head	if	word
28491	l2_check_body	stmt	S2+S3	l2_frame_head	if	word
28493	l2_check_body	stmt	S2+S3	l2_frame_head	if	word
28495	l2_check_body	stmt	S2+S3	l2_frame_head	if	word
28497	l2_check_body	stmt	S2+S3	l2_frame_head	if	word
28497	l2_check_body	stmt	S2+S3	l2_frame_head	return	word
28501	l2_check_body	stmt	S2+S3	l2_frame_head	if	word
28503	l2_check_body	stmt	S2+S3	l2_frame_head	if	word
28505	l2_check_body	stmt	S2+S3	l2_frame_head	if	word
28505	l2_check_body	stmt	S2+S3	l2_frame_head	return	word
28507	l2_check_body	stmt	S2+S3	l2_frame_head	if	word
28507	l2_check_body	stmt	S2+S3	l2_frame_head	return	word
28510	l2_check_body	stmt	S2+S3	l2_frame_head	if	word
28510	l2_check_body	stmt	S2+S3	l2_frame_head	return	word
28516	l2_check_body	stmt	S2+S3	l2_frame_head	if	word
28516	l2_check_body	stmt	S2+S3	l2_frame_head	return	word
28518	l2_check_body	stmt	S2+S3	l2_frame_head	if	word
28520	l2_check_body	stmt	S2+S3	l2_frame_head	if	word
28520	l2_check_body	stmt	S2+S3	l2_frame_head	return	word
28522	l2_check_body	stmt	S2+S3	l2_frame_head	if	word
28522	l2_check_body	stmt	S2+S3	l2_frame_head	return	word
28524	l2_check_body	stmt	S2+S3	l2_frame_head	if	word
28524	l2_check_body	stmt	S2+S3	l2_frame_head	return	word
28526	l2_check_body	stmt	S2+S3	l2_frame_head	if	word
28526	l2_check_body	stmt	S2+S3	l2_frame_head	return	word
28532	l2_check_body	stmt	S2+S3	l2_frame_head	if	word
28532	l2_check_body	stmt	S2+S3	l2_frame_head	return	word
28534	l2_check_body	stmt	S2+S3	l2_frame_head	return	word
28536	l2_check_body	stmt	S2+S3	l2_frame_head	if	word
29227	l2_address_node	lexical	-	l2_frame_head	@	lexical
29602	l2_indexed_node	lexical	-	l2_frame_head	@	lexical
29628	l2_indexed_operand	lexical	-	l2_text_eq	@	lexical
29663	l2_indexed_operand	lexical	-	l2_text_eq	[	lexical
29718	l2_address_operand	lexical	-	l2_text_eq	@	lexical
29831	l2_ctype_word	lexical	-	l2_text_eq	unsigned	word
29831	l2_ctype_word	lexical	-	l2_text_eq	signed	word
29831	l2_ctype_word	lexical	-	l2_text_eq	long	word
29831	l2_ctype_word	lexical	-	l2_text_eq	short	word
29831	l2_ctype_word	lexical	-	l2_text_eq	int	word
29831	l2_ctype_word	lexical	-	l2_text_eq	char	word
29831	l2_ctype_word	lexical	-	l2_text_eq	double	word
29994	l2_emit_sizeof	contract	-	l2_text_eq	sizeof	word
30047	l2_sizeof_is_type	contract	-	l2_frame_head	sizeof	word
30082	l2_check_sizeof	contract	-	l2_text_eq	sizeof	word
31836	l2_prep	value	S4	l2_frame_head	@	lexical
31878	l2_prep	value	S4	l2_text_eq	cast	word
31896	l2_prep	value	S4	l2_text_eq	sizeof	word
31899	l2_prep	value	S4	l2_text_eq	implements	word
31921	l2_prep	value	S4	l2_text_eq	length	word
31923	l2_prep	value	S4	l2_text_eq	length	word
32348	l2_emit_call	call	S4+S6	l2_frame_head	merge	word
32915	l2_emit_fields	value	S4	l2_text_eq	[	lexical
32923	l2_emit_fields	value	S4	l2_text_eq	]	lexical
32941	l2_emit_fields	value	S4	l2_text_eq	[	lexical
32949	l2_emit_fields	value	S4	l2_text_eq	]	lexical
33004	l2_emit_fields	value	S4	l2_text_eq	@	lexical
33036	l2_emit_fields	value	S4	l2_text_eq	[	lexical
33036	l2_emit_fields	value	S4	l2_text_eq	]	lexical
33945	l2_rw_own_ty	contract	-	l2_frame_head	catch	word
34186	l2_rw_opty	value	S4	l2_text_eq	implements	word
34188	l2_rw_opty	value	S4	l2_text_eq	length	word
34305	l2_rw_path_run_mode	lexical	-	l2_text_eq	[	lexical
34313	l2_rw_path_run_mode	lexical	-	l2_text_eq	]	lexical
34355	l2_operand_run	lexical	-	l2_text_eq	@	lexical
34736	l2_rw_path_resolve_sized	lexical	-	l2_text_eq	node	word
35811	l2_ruse_cmp	lexical	-	l2_text_eq	=	lexical
35811	l2_ruse_cmp	lexical	-	l2_text_eq	!=	lexical
35823	l2_ruse_far	lexical	-	l2_text_eq	&&	lexical
35823	l2_ruse_far	lexical	-	l2_text_eq	||	lexical
38090	l2_rw_merge	merge	S7	l2_frame_head	size_t	word
38424	l2_rw_length_of	lexical	-	l2_text_eq	[	lexical
38429	l2_rw_length_of	lexical	-	l2_text_eq	]	lexical
38676	l2_rw_own_row	contract	-	l2_frame_head	catch	word
38951	l2_rw_pads	contract	-	l2_frame_head	catch	word
39403	l2_rw_callable_actual	value	S4	l2_frame_head	merge	word
39807	l2_rw_operand	value	S4	l2_text_eq	sizeof	word
39807	l2_rw_operand	value	S4	l2_text_eq	cast	word
39818	l2_rw_operand	value	S4	l2_text_eq	merge	word
39825	l2_rw_operand	value	S4	l2_text_eq	length	word
39830	l2_rw_operand	value	S4	l2_text_eq	implements	word
39945	l2_rw_operand	value	S4	l2_text_eq	mainArgs	inner
39953	l2_rw_prec	lexical	-	l2_text_eq	||	lexical
39955	l2_rw_prec	lexical	-	l2_text_eq	&&	lexical
39957	l2_rw_prec	lexical	-	l2_text_eq	=	lexical
39957	l2_rw_prec	lexical	-	l2_text_eq	!=	lexical
39959	l2_rw_prec	lexical	-	l2_text_eq	<	lexical
39959	l2_rw_prec	lexical	-	l2_text_eq	>	lexical
39959	l2_rw_prec	lexical	-	l2_text_eq	<=	lexical
39959	l2_rw_prec	lexical	-	l2_text_eq	>=	lexical
39961	l2_rw_prec	lexical	-	l2_text_eq	+	lexical
39961	l2_rw_prec	lexical	-	l2_text_eq	-	lexical
39963	l2_rw_prec	lexical	-	l2_text_eq	*	lexical
39963	l2_rw_prec	lexical	-	l2_text_eq	/	lexical
39963	l2_rw_prec	lexical	-	l2_text_eq	%	lexical
40258	l2_rw_bin	lexical	-	l2_text_eq	*	lexical
40260	l2_rw_bin	lexical	-	l2_text_eq	/	lexical
40262	l2_rw_bin	lexical	-	l2_text_eq	%	lexical
40265	l2_rw_bin	lexical	-	l2_text_eq	+	lexical
40267	l2_rw_bin	lexical	-	l2_text_eq	-	lexical
40269	l2_rw_bin	lexical	-	l2_text_eq	<	lexical
40271	l2_rw_bin	lexical	-	l2_text_eq	=	lexical
40273	l2_rw_bin	lexical	-	l2_text_eq	>	lexical
40277	l2_rw_bin	lexical	-	l2_text_eq	!=	lexical
40281	l2_rw_bin	lexical	-	l2_text_eq	<=	lexical
40286	l2_rw_bin	lexical	-	l2_text_eq	>=	lexical
41291	l2_rw_address_rest	lexical	-	l2_text_eq	@	lexical
41654	l2_rw_source_node	value	S4	l2_frame_head	cast	word
41931	l2_rw_stmt_content	stmt	S2+S3	l2_text_eq	return	word
41931	l2_rw_stmt_content	stmt	S2+S3	l2_text_eq	break	word
41931	l2_rw_stmt_content	stmt	S2+S3	l2_text_eq	continue	word
41932	l2_rw_stmt_content	stmt	S2+S3	l2_text_eq	return	word
41939	l2_rw_stmt_content	stmt	S2+S3	l2_text_eq	break	word
41941	l2_rw_stmt_content	stmt	S2+S3	l2_text_eq	continue	word
42010	l2_rw_stmt_content	stmt	S2+S3	l2_text_eq	return	word
42068	l2_rw_stmt_content	stmt	S2+S3	l2_text_eq	sizeof	word
42068	l2_rw_stmt_content	stmt	S2+S3	l2_text_eq	cast	word
42073	l2_rw_stmt_content	stmt	S2+S3	l2_text_eq	if	word
42088	l2_rw_stmt_content	stmt	S2+S3	l2_frame_head	else	word
42138	l2_rw_stmt_content	stmt	S2+S3	l2_text_eq	else	word
42142	l2_rw_stmt_content	stmt	S2+S3	l2_text_eq	while	word
42183	l2_rw_stmt_content	stmt	S2+S3	l2_text_eq	for	word
42207	l2_rw_stmt_content	stmt	S2+S3	l2_text_eq	--	lexical
42221	l2_rw_stmt_content	stmt	S2+S3	l2_text_eq	until	word
42223	l2_rw_stmt_content	stmt	S2+S3	l2_text_eq	catch	word
42225	l2_rw_stmt_content	stmt	S2+S3	l2_text_eq	throws	word
42230	l2_rw_stmt_content	stmt	S2+S3	l2_text_eq	throw	word
42254	l2_rw_stmt_content	stmt	S2+S3	l2_text_eq	receiveMessage	word
42261	l2_rw_stmt_content	stmt	S2+S3	l2_text_eq	sendMessage	word
42268	l2_rw_stmt_content	stmt	S2+S3	l2_text_eq	implements	word
42272	l2_rw_stmt_content	stmt	S2+S3	l2_text_eq	[]	lexical
42283	l2_rw_stmt_content	stmt	S2+S3	l2_text_eq	int	word
42283	l2_rw_stmt_content	stmt	S2+S3	l2_text_eq	char	word
42283	l2_rw_stmt_content	stmt	S2+S3	l2_text_eq	size_t	word
42283	l2_rw_stmt_content	stmt	S2+S3	l2_text_eq	unsigned	word
42283	l2_rw_stmt_content	stmt	S2+S3	l2_text_eq	ulong	word
42493	l2_rw_stmt_content	stmt	S2+S3	l2_frame_head	merge	word
42520	l2_rw_stmts	stmt	S2+S3	l2_frame_head	fn	word
42987	l2_mad_sig	contract	-	l2_frame_head	fn	word
43051	l2_mad_has_return	contract	-	l2_frame_head	return	word
43062	l2_mad_has_return	contract	-	l2_text_eq	return	word
43090	l2_mad_returns_number	contract	-	l2_frame_head	return	word
43101	l2_mad_returns_number	contract	-	l2_text_eq	return	word
43126	l2_mad_return_point	contract	-	l2_frame_head	fn	word
43141	l2_mad_is_return	contract	-	l2_frame_head	return	word
43231	l2_mad_trailer_return	contract	-	l2_frame_head	fn	word
43776	l2_mad_host_body	contract	-	l2_frame_head	fn	word
43824	l2_mad_take_nested	contract	-	l2_frame_head	fn	word
43846	l2_mad_take_nested	contract	-	l2_frame_head	return	word
43853	l2_mad_take_nested	contract	-	l2_frame_head	merge	word
43868	l2_mad_take_nested	contract	-	l2_frame_head	merge	word
43880	l2_mad_take_nested	contract	-	l2_frame_head	fn	word
43889	l2_mad_take_nested	contract	-	l2_frame_head	merge	word
43919	l2_receiver_frame	def	S5	l2_text_eq	@	lexical
44314	l2_mad_hdr_arity	contract	-	l2_frame_head	fn	word
45375	l2_t7_return_stmt	contract	-	l2_frame_head	return	word
45427	l2_t7_host_sig	contract	-	l2_frame_head	fn	word
45624	l2_t7_fill	contract	-	l2_frame_head	merge	word
46168	l2_pap_consider	contract	-	l2_frame_head	merge	word
46652	l2_emit_shell_anchor	stmt	S2+S3	l2_frame_head	while	word
46657	l2_emit_shell_anchor	stmt	S2+S3	l2_frame_head	else	word
46940	l2_index_tail	lexical	-	l2_text_eq	[	lexical
46948	l2_index_tail	lexical	-	l2_text_eq	]	lexical
47004	l2_addr_tail	lexical	-	l2_text_eq	@	lexical
47014	l2_addr_tail	lexical	-	l2_text_eq	[	lexical
47315	l2_emit_loc_stmt	def	S5	l2_frame_head	immutable	word
47482	l2_merge_frame	merge	S7	l2_frame_head	merge	word
48428	l2_emit_stmts	stmt	S2+S3	l2_frame_head	return	word
48430	l2_emit_stmts	stmt	S2+S3	l2_frame_head	return	word
48430	l2_emit_stmts	stmt	S2+S3	l2_frame_head	if	word
48504	l2_emit_stmts	stmt	S2+S3	l2_frame_head	throws	word
48507	l2_emit_stmts	stmt	S2+S3	l2_frame_head	throw	word
48586	l2_emit_stmts	stmt	S2+S3	l2_frame_head	size_t	word
48895	l2_emit_stmts	stmt	S2+S3	l2_frame_head	if	word
48919	l2_emit_stmts	stmt	S2+S3	l2_frame_head	else	word
48921	l2_emit_stmts	stmt	S2+S3	l2_frame_head	else	word
48931	l2_emit_stmts	stmt	S2+S3	l2_frame_head	else	word
48933	l2_emit_stmts	stmt	S2+S3	l2_frame_head	else	word
48937	l2_emit_stmts	stmt	S2+S3	l2_frame_head	while	word
48986	l2_emit_stmts	stmt	S2+S3	l2_frame_head	for	word
49058	l2_emit_stmts	stmt	S2+S3	l2_text_eq	--	lexical
49061	l2_emit_stmts	stmt	S2+S3	l2_text_eq	--	lexical
49183	l2_emit_stmts	stmt	S2+S3	l2_frame_head	continue	word
49183	l2_emit_stmts	stmt	S2+S3	l2_frame_head	break	word
49193	l2_emit_stmts	stmt	S2+S3	l2_frame_head	sendMessage	word
49253	l2_emit_stmts	stmt	S2+S3	l2_frame_head	if	word
49264	l2_emit_stmts	stmt	S2+S3	l2_frame_head	if	word
49268	l2_emit_stmts	stmt	S2+S3	l2_frame_head	if	word
49270	l2_emit_stmts	stmt	S2+S3	l2_frame_head	if	word
49279	l2_emit_stmts	stmt	S2+S3	l2_frame_head	if	word
49281	l2_emit_stmts	stmt	S2+S3	l2_frame_head	if	word
49285	l2_emit_stmts	stmt	S2+S3	l2_frame_head	if	word
49295	l2_emit_stmts	stmt	S2+S3	l2_frame_head	if	word
49297	l2_emit_stmts	stmt	S2+S3	l2_frame_head	if	word
49299	l2_emit_stmts	stmt	S2+S3	l2_frame_head	if	word
49306	l2_emit_stmts	stmt	S2+S3	l2_frame_head	return	word
49308	l2_emit_stmts	stmt	S2+S3	l2_frame_head	if	word
49308	l2_emit_stmts	stmt	S2+S3	l2_frame_head	return	word
49313	l2_emit_stmts	stmt	S2+S3	l2_frame_head	if	word
49313	l2_emit_stmts	stmt	S2+S3	l2_frame_head	return	word
49318	l2_emit_stmts	stmt	S2+S3	l2_frame_head	if	word
49318	l2_emit_stmts	stmt	S2+S3	l2_frame_head	return	word
49322	l2_emit_stmts	stmt	S2+S3	l2_frame_head	if	word
49322	l2_emit_stmts	stmt	S2+S3	l2_frame_head	return	word
49324	l2_emit_stmts	stmt	S2+S3	l2_frame_head	if	word
49324	l2_emit_stmts	stmt	S2+S3	l2_frame_head	return	word
49326	l2_emit_stmts	stmt	S2+S3	l2_frame_head	if	word
49326	l2_emit_stmts	stmt	S2+S3	l2_frame_head	return	word
49328	l2_emit_stmts	stmt	S2+S3	l2_frame_head	if	word
49328	l2_emit_stmts	stmt	S2+S3	l2_frame_head	return	word
49330	l2_emit_stmts	stmt	S2+S3	l2_frame_head	if	word
49330	l2_emit_stmts	stmt	S2+S3	l2_frame_head	return	word
49334	l2_emit_stmts	stmt	S2+S3	l2_frame_head	if	word
49334	l2_emit_stmts	stmt	S2+S3	l2_frame_head	return	word
49336	l2_emit_stmts	stmt	S2+S3	l2_frame_head	if	word
49336	l2_emit_stmts	stmt	S2+S3	l2_frame_head	return	word
49340	l2_emit_stmts	stmt	S2+S3	l2_frame_head	if	word
49340	l2_emit_stmts	stmt	S2+S3	l2_frame_head	return	word
49348	l2_emit_stmts	stmt	S2+S3	l2_frame_head	if	word
49348	l2_emit_stmts	stmt	S2+S3	l2_frame_head	return	word
49350	l2_emit_stmts	stmt	S2+S3	l2_frame_head	if	word
49350	l2_emit_stmts	stmt	S2+S3	l2_frame_head	return	word
49352	l2_emit_stmts	stmt	S2+S3	l2_frame_head	if	word
49352	l2_emit_stmts	stmt	S2+S3	l2_frame_head	return	word
49354	l2_emit_stmts	stmt	S2+S3	l2_frame_head	if	word
49354	l2_emit_stmts	stmt	S2+S3	l2_frame_head	return	word
49360	l2_emit_stmts	stmt	S2+S3	l2_frame_head	if	word
49360	l2_emit_stmts	stmt	S2+S3	l2_frame_head	return	word
49364	l2_emit_stmts	stmt	S2+S3	l2_frame_head	if	word
49364	l2_emit_stmts	stmt	S2+S3	l2_frame_head	return	word
49370	l2_emit_stmts	stmt	S2+S3	l2_frame_head	if	word
49370	l2_emit_stmts	stmt	S2+S3	l2_frame_head	return	word
49376	l2_emit_stmts	stmt	S2+S3	l2_frame_head	if	word
49376	l2_emit_stmts	stmt	S2+S3	l2_frame_head	return	word
49383	l2_emit_stmts	stmt	S2+S3	l2_frame_head	if	word
49383	l2_emit_stmts	stmt	S2+S3	l2_frame_head	return	word
49396	l2_emit_stmts	stmt	S2+S3	l2_frame_head	if	word
49396	l2_emit_stmts	stmt	S2+S3	l2_frame_head	return	word
49398	l2_emit_stmts	stmt	S2+S3	l2_frame_head	if	word
49398	l2_emit_stmts	stmt	S2+S3	l2_frame_head	return	word
49400	l2_emit_stmts	stmt	S2+S3	l2_frame_head	if	word
49400	l2_emit_stmts	stmt	S2+S3	l2_frame_head	return	word
49402	l2_emit_stmts	stmt	S2+S3	l2_frame_head	if	word
49402	l2_emit_stmts	stmt	S2+S3	l2_frame_head	return	word
49404	l2_emit_stmts	stmt	S2+S3	l2_frame_head	if	word
49404	l2_emit_stmts	stmt	S2+S3	l2_frame_head	return	word
49406	l2_emit_stmts	stmt	S2+S3	l2_frame_head	if	word
49406	l2_emit_stmts	stmt	S2+S3	l2_frame_head	return	word
49408	l2_emit_stmts	stmt	S2+S3	l2_frame_head	if	word
49408	l2_emit_stmts	stmt	S2+S3	l2_frame_head	return	word
49414	l2_emit_stmts	stmt	S2+S3	l2_frame_head	if	word
49414	l2_emit_stmts	stmt	S2+S3	l2_frame_head	return	word
49416	l2_emit_stmts	stmt	S2+S3	l2_frame_head	if	word
49416	l2_emit_stmts	stmt	S2+S3	l2_frame_head	return	word
49418	l2_emit_stmts	stmt	S2+S3	l2_frame_head	if	word
49418	l2_emit_stmts	stmt	S2+S3	l2_frame_head	return	word
49420	l2_emit_stmts	stmt	S2+S3	l2_frame_head	if	word
49420	l2_emit_stmts	stmt	S2+S3	l2_frame_head	return	word
49422	l2_emit_stmts	stmt	S2+S3	l2_frame_head	if	word
49422	l2_emit_stmts	stmt	S2+S3	l2_frame_head	return	word
49424	l2_emit_stmts	stmt	S2+S3	l2_frame_head	if	word
49424	l2_emit_stmts	stmt	S2+S3	l2_frame_head	return	word
49426	l2_emit_stmts	stmt	S2+S3	l2_frame_head	if	word
49426	l2_emit_stmts	stmt	S2+S3	l2_frame_head	return	word
49429	l2_emit_stmts	stmt	S2+S3	l2_frame_head	if	word
49429	l2_emit_stmts	stmt	S2+S3	l2_frame_head	return	word
49431	l2_emit_stmts	stmt	S2+S3	l2_frame_head	if	word
49431	l2_emit_stmts	stmt	S2+S3	l2_frame_head	return	word
49433	l2_emit_stmts	stmt	S2+S3	l2_frame_head	if	word
49433	l2_emit_stmts	stmt	S2+S3	l2_frame_head	return	word
49437	l2_emit_stmts	stmt	S2+S3	l2_frame_head	if	word
49437	l2_emit_stmts	stmt	S2+S3	l2_frame_head	return	word
49458	l2_emit_stmts	stmt	S2+S3	l2_frame_head	if	word
49458	l2_emit_stmts	stmt	S2+S3	l2_frame_head	return	word
