# K03-S5-MIGRATION (Codex -06 c), measured 2026-10-07 on 5f7826b5: every type-first reference declaration
# `@...: T name [initializer]` in dev/l2src_sandbox/tests whose T is a Structure the fixture defines (or MainLetter/LongLetter).
# Pending the author: these keep their spelling until the model-constrained initially-null reference is answered
# (LMX_blog/q/current/model-constrained-null-reference.md).  Not in it: primitive pointer declarations (`@: int p`),
# signatures, the destination-first receivers (`@: h f(a)`).  depth = count of @; class: typed-null = T name (no initializer,
# a present typed null today), one-initializer = T name value, longer-tail = more written items (refusal rows of one value
# and compound initializers); scope by indentation (root / method / named-body / block).
fixture	line	depth	class	scope	source
entry_arg_len	7	1	typed-null	root	@: MainLetter m
entry_argc_if	8	1	typed-null	root	@: MainLetter m
entry_index	25	1	typed-null	root	@: MainLetter m
entry_parse_min	11	1	typed-null	root	@: MainLetter m
entry_strcmp	30	1	typed-null	root	@: MainLetter m
unit_addr_slot_structure_projection	18	1	typed-null	root	@: Model slot
unit_addr_slot_structure_projection	19	1	typed-null	root	@: Other slot2
unit_addr_unknown_type_refused	11	1	typed-null	root	@: Model slot
unit_address_reference_cell	14	1	typed-null	method	@: Model ref
unit_address_reference_cell	16	2	one-initializer	method	@@: Model physical @ref
unit_address_reference_depth_refused	9	1	typed-null	method	@: Model ref
unit_address_reference_frame_depth_refused	9	1	typed-null	method	@: Model ref
unit_admit_letter_extra_field	8	1	typed-null	root	@: LongLetter m
unit_admit_letter_formal	18	1	typed-null	root	@: MainLetter m
unit_admit_letter_not_model	8	1	typed-null	root	@: Model fresh
unit_admit_letter_typed	12	1	typed-null	root	@: MainLetter m
unit_admit_rebind_read	9	1	typed-null	root	@: MainLetter m
unit_admit_rebind_refused	8	1	typed-null	root	@: Model m
unit_arr_path_variable_index_refused	7	1	typed-null	root	@: MainLetter m
unit_bind_method_formal	14	1	one-initializer	method	@: Model b c
unit_bind_method_ref	16	1	one-initializer	method	@: Model b c
unit_bind_method_thin_other	15	1	one-initializer	method	@: Model b o
unit_charpp_return	8	1	typed-null	root	@: MainLetter m
unit_colon_graph_update_admission_blocked	20	1	longer-tail	method	@: Model field @ Model
unit_decl_one_value_call_colon	10	1	longer-tail	method	@: Model m make: 3
unit_decl_one_value_call_paren	11	1	one-initializer	method	@: Model m make(3)
unit_decl_one_value_call_tail_refused	13	1	longer-tail	method	@: Model m make 3
unit_decl_one_value_name_refused	9	1	longer-tail	method	@: Model m @ Model z
unit_decl_one_value_read_refused	9	1	longer-tail	method	@: Model m @ Model 3
unit_decl_one_value_refused	9	1	longer-tail	method	@: Model m @ Model 3
unit_decl_one_value_two_refused	8	1	longer-tail	method	@: Model m (@ Model) (@ Model)
unit_entry_args	9	1	typed-null	root	@: MainLetter m
unit_field_path_unit_addr	11	1	typed-null	root	@: Model p
unit_formal_many_admitted	297	1	one-initializer	method	@: Wide w @Wide
unit_formal_wide_model	158	1	one-initializer	method	@: Model x @Model
unit_formal_wide_model	163	1	one-initializer	method	@: Wide x @Wide
unit_free_path_many_declarations	333	1	one-initializer	method	@: D00 box @D00
unit_free_path_many_declarations	338	1	one-initializer	method	@: D01 box @D01
unit_free_path_many_declarations	343	1	one-initializer	method	@: D02 box @D02
unit_free_path_many_declarations	348	1	one-initializer	method	@: D03 box @D03
unit_free_path_many_declarations	353	1	one-initializer	method	@: D04 box @D04
unit_free_path_many_declarations	358	1	one-initializer	method	@: D05 box @D05
unit_free_path_many_declarations	363	1	one-initializer	method	@: D06 box @D06
unit_free_path_many_declarations	368	1	one-initializer	method	@: D07 box @D07
unit_free_path_many_declarations	373	1	one-initializer	method	@: D08 box @D08
unit_free_path_many_declarations	378	1	one-initializer	method	@: D09 box @D09
unit_free_path_many_declarations	383	1	one-initializer	method	@: D10 box @D10
unit_free_path_many_declarations	388	1	one-initializer	method	@: D11 box @D11
unit_free_path_many_declarations	393	1	one-initializer	method	@: D12 box @D12
unit_free_path_many_declarations	398	1	one-initializer	method	@: D13 box @D13
unit_free_path_many_declarations	403	1	one-initializer	method	@: D14 box @D14
unit_free_path_many_declarations	408	1	one-initializer	method	@: D15 box @D15
unit_free_path_many_declarations	413	1	one-initializer	method	@: D16 box @D16
unit_free_path_many_declarations	418	1	one-initializer	method	@: D17 box @D17
unit_free_path_many_declarations	423	1	one-initializer	method	@: D18 box @D18
unit_free_path_many_declarations	428	1	one-initializer	method	@: D19 box @D19
unit_free_path_many_declarations	433	1	one-initializer	method	@: D20 box @D20
unit_free_path_many_declarations	438	1	one-initializer	method	@: D21 box @D21
unit_free_path_many_declarations	443	1	one-initializer	method	@: D22 box @D22
unit_free_path_many_declarations	448	1	one-initializer	method	@: D23 box @D23
unit_free_path_many_declarations	453	1	one-initializer	method	@: D24 box @D24
unit_free_path_many_declarations	458	1	one-initializer	method	@: D25 box @D25
unit_free_path_many_declarations	463	1	one-initializer	method	@: D26 box @D26
unit_free_path_many_declarations	468	1	one-initializer	method	@: D27 box @D27
unit_free_path_many_declarations	473	1	one-initializer	method	@: D28 box @D28
unit_free_path_many_declarations	478	1	one-initializer	method	@: D29 box @D29
unit_free_path_many_declarations	483	1	one-initializer	method	@: D30 box @D30
unit_free_path_many_declarations	488	1	one-initializer	method	@: D31 box @D31
unit_free_path_many_declarations	493	1	one-initializer	method	@: D32 box @D32
unit_free_path_many_declarations	498	1	one-initializer	method	@: D33 box @D33
unit_free_path_many_declarations	503	1	one-initializer	method	@: D34 box @D34
unit_free_path_many_declarations	508	1	one-initializer	method	@: D35 box @D35
unit_free_path_many_declarations	513	1	one-initializer	method	@: D36 box @D36
unit_free_path_many_declarations	518	1	one-initializer	method	@: D37 box @D37
unit_free_path_many_declarations	523	1	one-initializer	method	@: D38 box @D38
unit_free_path_many_declarations	528	1	one-initializer	method	@: D39 box @D39
unit_free_path_many_declarations	533	1	one-initializer	method	@: D40 box @D40
unit_free_path_many_declarations	538	1	one-initializer	method	@: D41 box @D41
unit_free_path_many_declarations	543	1	one-initializer	method	@: D42 box @D42
unit_free_path_many_declarations	548	1	one-initializer	method	@: D43 box @D43
unit_free_path_many_declarations	553	1	one-initializer	method	@: D44 box @D44
unit_free_path_many_declarations	558	1	one-initializer	method	@: D45 box @D45
unit_free_path_many_declarations	563	1	one-initializer	method	@: D46 box @D46
unit_free_path_many_declarations	568	1	one-initializer	method	@: D47 box @D47
unit_free_path_many_declarations	573	1	one-initializer	method	@: D48 box @D48
unit_free_path_many_declarations	578	1	one-initializer	method	@: D49 box @D49
unit_free_path_many_declarations	583	1	one-initializer	method	@: D50 box @D50
unit_free_path_many_declarations	588	1	one-initializer	method	@: D51 box @D51
unit_free_path_many_declarations	593	1	one-initializer	method	@: D52 box @D52
unit_free_path_many_declarations	598	1	one-initializer	method	@: D53 box @D53
unit_free_path_many_declarations	603	1	one-initializer	method	@: D54 box @D54
unit_free_path_many_declarations	608	1	one-initializer	method	@: D55 box @D55
unit_free_path_many_declarations	613	1	one-initializer	method	@: D56 box @D56
unit_free_path_many_declarations	618	1	one-initializer	method	@: D57 box @D57
unit_free_path_many_declarations	623	1	one-initializer	method	@: D58 box @D58
unit_free_path_many_declarations	628	1	one-initializer	method	@: D59 box @D59
unit_free_path_many_declarations	633	1	one-initializer	method	@: D60 box @D60
unit_free_path_many_declarations	638	1	one-initializer	method	@: D61 box @D61
unit_free_path_many_declarations	643	1	one-initializer	method	@: D62 box @D62
unit_free_path_many_declarations	648	1	one-initializer	method	@: D63 box @D63
unit_free_path_many_declarations	653	1	one-initializer	method	@: D64 box @D64
unit_free_path_many_declarations	658	1	one-initializer	method	@: D65 box @D65
unit_free_path_many_declarations	663	1	one-initializer	method	@: D66 box @D66
unit_free_path_many_declarations	668	1	one-initializer	method	@: D67 box @D67
unit_free_path_many_declarations	673	1	one-initializer	method	@: D68 box @D68
unit_free_path_many_declarations	678	1	one-initializer	method	@: D69 box @D69
unit_free_path_many_places	1073	1	one-initializer	method	@: Model box @Model
unit_free_path_many_places	1079	1	one-initializer	method	@: Wide box @Wide
unit_free_path_null	18	1	one-initializer	method	@: Model box @Model
unit_free_path_null	22	1	one-initializer	method	@: Other box @Other
unit_free_path_null	26	1	typed-null	method	@: Model box
unit_free_path_null_read	14	1	one-initializer	method	@: Model box @Model
unit_free_path_null_read	18	1	typed-null	method	@: Model box
unit_free_path_typed_place	22	1	one-initializer	method	@: Model box p
unit_free_path_typed_place_thin	24	1	one-initializer	method	@: Model box p
unit_held_reference_typed_chain	19	1	one-initializer	root	@: Model r m
unit_held_reference_typed_chain	37	1	one-initializer	method	@: Wide r @Wide
unit_l2_puts_library	35	1	typed-null	root	@: MainLetter m
unit_letter_alias_after	29	1	typed-null	method	@: MainLetter m
unit_letter_alias_before	28	1	typed-null	method	@: MainLetter m
unit_letter_place_forward	44	1	typed-null	method	@: MainLetter m
unit_letter_place_free_name	21	1	typed-null	method	@: MainLetter box
unit_letter_place_hidden	20	1	typed-null	root	@: Long shared
unit_letter_place_hidden	29	1	typed-null	method	@: MainLetter shared
unit_letter_place_missing_field	45	1	typed-null	method	@: MainLetter m
unit_letter_place_other	35	1	typed-null	method	@: MainLetter m
unit_letter_place_two_anchors	34	1	typed-null	method	@: MainLetter m
unit_letter_place_two_anchors	36	1	typed-null	method	@: Other o
unit_local_init_graph_ref_admit_refused	18	1	typed-null	method	@: Box b
unit_local_init_graph_ref_admit_thin	16	1	typed-null	method	@: Box b
unit_local_source_layout	14	1	one-initializer	root	@: A p makeC()
unit_matrix_noncall_struct_rebind	12	1	typed-null	method	@: Model b
unit_merge_actual_operand	20	1	one-initializer	method	@: A p B
unit_merge_future_decl	8	1	one-initializer	root	@: Source b 0
unit_merge_value_failure	3	1	typed-null	method	@: Model source
unit_merge_value_failure	8	1	one-initializer	method	@: Model current initial
unit_merge_value_failure	9	1	one-initializer	method	@: Model saved current
unit_merge_value_host	7	1	one-initializer	method	@: Model outer copy
unit_merge_value_host	8	1	one-initializer	method	@: Model previous 0
unit_merge_value_host	12	1	one-initializer	block	@: Model current innerCopy
unit_merge_value_method	6	1	one-initializer	method	@: Model b copy
unit_merge_value_method_native	6	1	one-initializer	method	@: Model b copy
unit_merge_value_repeat	12	1	one-initializer	method	@: Last alias copy
unit_merge_value_retained	17	1	one-initializer	method	@: Model a first
unit_merge_value_retained	18	1	one-initializer	method	@: Model b second
unit_merge_value_retained	23	1	one-initializer	method	@: Frozen held first
unit_merge_value_retained	25	1	one-initializer	method	@: Model c third
unit_merge_value_root	5	1	one-initializer	root	@: Model b copy
unit_merge_value_schema	6	1	one-initializer	method	@: A failed 0
unit_merge_value_schema	8	1	one-initializer	method	@: A first copy
unit_merge_value_schema	15	1	one-initializer	method	@: B full copy2
unit_merge_value_schema	22	1	one-initializer	block	@: A inner make(0)
unit_merge_value_schema	36	1	one-initializer	method	@: A first make(1)
unit_merge_value_schema	37	1	one-initializer	method	@: A second make(0)
unit_mres_ref_field_path	10	1	typed-null	named-body	@: Model q
unit_mres_ref_field_store_refused	9	1	typed-null	named-body	@: Model q
unit_named_actual_facts	43	1	one-initializer	method	@: Model v o
unit_named_actual_reference_name	21	1	one-initializer	method	@: Model v o
unit_named_actual_reference_whole	16	1	one-initializer	method	@: Model v o
unit_native_typed_receive	11	1	typed-null	method	@: MainLetter m
unit_ns_ref_field_general	18	1	typed-null	named-body	@: Model q
unit_oc_types_above	960	1	one-initializer	method	@: Model m Model
unit_oc_types_below	907	1	one-initializer	method	@: Model m Model
unit_oc_types_far	1117	1	one-initializer	method	@: Model m Model
unit_opaque_reference_ordinal_flow	15	1	one-initializer	method	@: Model field Model
unit_opaque_reference_source_chain	21	1	one-initializer	method	@: Model field Good
unit_opaque_reference_source_chain	37	1	one-initializer	method	@: Model field Good
unit_output_typed_target	4	1	typed-null	root	@: MainLetter m
unit_own_reference_failure	28	1	one-initializer	root	@: Model expected Good
unit_own_reference_failure	31	1	one-initializer	block	@: Model ref choose()
unit_own_reference_failure	49	1	one-initializer	root	@: Model field Good
unit_own_reference_reception	23	1	longer-tail	root	@: Model expected @ Good
unit_own_reference_reception	24	1	one-initializer	root	@: Model direct Good
unit_own_reference_reception	27	1	one-initializer	root	@: Model initial candidate()
unit_own_reference_reentry	12	1	one-initializer	root	@: Model expected Good
unit_own_reference_reentry	15	1	typed-null	block	@: Model ref
unit_own_reference_reentry	29	1	one-initializer	block	@: Model ref 0
unit_path_long_names	51	1	typed-null	method	@: Outer refer_a_name_of_any_length_a_name_of_any_length_a_name_of_any_length_a_name_of_any_length_a_name_of_any_length_a_name_of_any_length_a_name_of_any_length_a_name_of_any_length_a_name_of_any_length_a_name_of_any_length_a_name_of_any_length_a_name_of_any_length_a_name_of_any_length_a_name_of_any_length_a_name_of_any_length_a_name_of_any_length_a_name_of_any_length_a_name_of_any_length_a_name_of_any_length_a_name_of_any_length_a_name_of_any_length_a_name_of_any_length_a_name_of_any_length_a_name_of_any_length_a_name_of_any_length_a_name_of_any_length_a_name_of_any_length_a_name_of_any_length_a_name
unit_pointer_raw_c_admission	8	1	typed-null	method	@: Model ref
unit_pointer_raw_c_admission_refused	10	1	typed-null	method	@: Model ref
unit_portable_reference_admission	18	1	one-initializer	root	@: Model ref Good
unit_portable_reference_admission	19	2	one-initializer	root	@@: Model place @ref
unit_predef_result_struct_refused	12	1	typed-null	root	@: Model bad
unit_recv_hidden_opaque_depth_refused	4	1	one-initializer	root	@: Model shared @Model
unit_recv_hidden_opaque_typed	14	1	one-initializer	root	@: Model shared @Model
unit_recv_use_identity	18	1	one-initializer	method	@: Model b o
unit_recv_use_identity	28	1	typed-null	method	@: Model r
unit_recv_use_later_consumer	31	1	one-initializer	method	@: Model b o
unit_recv_use_later_consumer	32	1	one-initializer	method	@: Model c g
unit_recv_use_later_consumer	49	1	one-initializer	method	@: Model b o
unit_recv_use_later_consumer	50	1	one-initializer	method	@: Model c b
unit_recv_use_nested_called_refused	21	1	one-initializer	method	@: Model b o
unit_recv_use_nested_copy_reach_limit_probe	20	1	one-initializer	method	@: Model b o
unit_recv_use_nested_dormant	27	1	one-initializer	method	@: Model b o
unit_recv_use_nested_path	17	1	one-initializer	method	@: Model b g
unit_recv_use_nested_path_reach_limit_probe	20	1	one-initializer	method	@: Model b o
unit_recv_use_nested_reader_refused	18	1	one-initializer	method	@: Model b o
unit_recv_use_nested_sibling_refused	22	1	one-initializer	method	@: Model b o
unit_recv_use_passed_reads	41	1	one-initializer	method	@: Model b o
unit_recv_use_passed_reads_refused	43	1	one-initializer	block	@: Model b o
unit_recv_use_passed_reads_refused	58	1	one-initializer	block	@: Model b o
unit_recv_use_passed_reads_refused	73	1	one-initializer	block	@: Model b o
unit_recv_use_passed_reads_refused	88	1	one-initializer	block	@: Model b o
unit_recv_use_passed_reads_refused	103	1	one-initializer	block	@: Model b o
unit_recv_use_passed_refused	24	1	one-initializer	method	@: Model b o
unit_recv_use_passed_thin	24	1	one-initializer	method	@: Model b o
unit_recv_use_path_from_method	19	1	one-initializer	method	@: Model held o
unit_recv_use_path_from_method_refused	18	1	one-initializer	method	@: Model held o
unit_recv_use_rejected_store_keeps	32	1	one-initializer	method	@: Model b w
unit_recv_use_selectors	20	1	one-initializer	method	@: Model b o
unit_recv_use_selectors	35	1	one-initializer	method	@: Model b o
unit_recv_use_unused_field	22	1	one-initializer	method	@: Model b o
unit_recv_use_unused_field	33	1	one-initializer	method	@: Model b o
unit_recv_use_used_field_refused	35	1	one-initializer	method	@: Model b g
unit_recv_use_used_field_refused	54	1	one-initializer	method	@: Model b g
unit_ref_field_path	6	1	typed-null	named-body	@: Model q
unit_ref_field_path	14	1	typed-null	named-body	@: Model q
unit_ref_field_value_read	9	1	typed-null	named-body	@: Node next
unit_ref_field_value_read	21	1	typed-null	method	@: Node q
unit_ref_field_value_read	28	1	one-initializer	method	@: Node p a
unit_ref_field_value_read	50	1	typed-null	root	@: Node rq
unit_ref_local_path	11	1	typed-null	method	@: Model r
unit_ref_rebind_other_thin	16	1	typed-null	method	@: Model r
unit_ref_rebind_same	12	1	typed-null	method	@: Model r
unit_reference_callable_result	11	1	one-initializer	method	@: Model ref f()
unit_reference_long_path_coverage	19	1	typed-null	method	@: Outer r
unit_return_long_field_other_refused	22	1	typed-null	method	@: Model m
unit_rhs_compound_admission_refused	12	1	longer-tail	method	@: Model ref c.l2_test_rhs_identity(raw()) + 0U
unit_rhs_reference_admission	14	1	one-initializer	method	@: Model first raw()
unit_rhs_reference_admission	15	1	typed-null	method	@: Model second
unit_rhs_reference_admission	19	1	longer-tail	method	@: Model third c.memmove(raw(), @ Model, 0U)
unit_rhs_reference_admission	20	1	typed-null	method	@: Model fourth
unit_rhs_reference_admission	22	1	longer-tail	method	@: Model fifth c.l2_test_rhs_identity(raw()) + 0U
unit_rhs_returned_model	12	1	one-initializer	method	@: Model first make
unit_rhs_returned_model	13	1	one-initializer	method	@: Model second make()
unit_rhs_returned_model	14	1	typed-null	method	@: Model third
unit_rhs_returned_model	16	1	typed-null	method	@: Model fourth
unit_rhs_returned_model_refused	14	1	one-initializer	method	@: Model ref make()
unit_rhs_returned_model_thin	15	1	one-initializer	method	@: Model ref make()
unit_rhs_void_admission_assign_refused	14	1	typed-null	method	@: Model ref
unit_rhs_void_admission_assign_thin	15	1	typed-null	method	@: Model ref
unit_rhs_void_admission_init_refused	14	1	one-initializer	method	@: Model ref raw()
unit_rhs_void_admission_init_thin	15	1	one-initializer	method	@: Model ref raw()
unit_rn_ref_local_cast_refused	9	1	longer-tail	method	@: Model cast @ Model
unit_root_ref_bind	11	1	typed-null	root	@: Model r
unit_root_ref_letter_refused	8	1	typed-null	root	@: Model r
unit_root_ref_other_refused	12	1	typed-null	root	@: Model r
unit_site_constructor_reception	14	1	one-initializer	root	@: MainLetter original received
unit_site_hidden_model	12	1	one-initializer	root	@: Model shared @Model
unit_site_hidden_model	20	1	one-initializer	method	@: Other shared @Other
unit_site_hidden_model_null	3	1	one-initializer	root	@: Model shared @Model
unit_site_hidden_model_null	11	1	one-initializer	method	@: Other shared @Other
unit_site_hidden_model_null	14	1	typed-null	method	@: Model shared
unit_site_hidden_model_refused	3	1	one-initializer	root	@: Model shared @Model
unit_site_hidden_model_refused	9	1	one-initializer	method	@: Other shared @Other
unit_site_hidden_model_views	6	1	one-initializer	root	@: B shared @B
unit_site_hidden_model_views	9	1	one-initializer	root	@: A shared @A
unit_site_hidden_model_views	13	1	one-initializer	method	@: C shared @C
unit_site_hidden_model_views	17	1	one-initializer	root	@: B shared @B
unit_site_hidden_model_views	21	1	one-initializer	method	@: C shared @C
unit_site_hidden_null_chain	11	1	one-initializer	root	@: Model shared @Model
unit_site_hidden_null_chain	24	1	one-initializer	method	@: Other shared @Other
unit_site_hidden_null_chain	28	1	typed-null	method	@: Model shared
unit_site_layout_binding	7	1	one-initializer	root	@: B shared @B
unit_site_layout_binding	10	1	one-initializer	root	@: A shared @A
unit_site_layout_binding	14	1	one-initializer	method	@: A shared @C
unit_site_layout_collision	7	1	one-initializer	root	@: B shared @B
unit_site_layout_collision	10	1	one-initializer	root	@: A shared @A
unit_site_layout_collision	14	1	one-initializer	method	@: C shared @C
unit_site_layout_collision	17	1	one-initializer	method	@: D shared @D
unit_site_layout_failure	14	1	one-initializer	method	@: Model ref @Good
unit_site_layout_failure	15	2	one-initializer	method	@@: Model place @ref
unit_site_layout_host_path	9	1	one-initializer	method	@: Model p @Outer
unit_site_layout_host_path	12	1	one-initializer	block	@: Model p @Other
unit_site_layout_local	13	1	one-initializer	block	@: A inner makeC(0)
unit_site_layout_local	26	1	one-initializer	root	@: B shared @B
unit_site_layout_local	29	1	one-initializer	root	@: A shared @A
unit_site_layout_local	33	1	one-initializer	method	@: A shared makeC(1)
unit_site_layout_local	35	1	one-initializer	method	@: A previous shared
unit_site_layout_local_target	6	1	one-initializer	method	@: Model ref @Other
unit_site_layout_own_path	6	1	one-initializer	method	@: Model p @Other
unit_site_layout_return	13	1	one-initializer	root	@: B shared @B
unit_site_layout_return	17	1	one-initializer	method	@: A shared make(0)
unit_site_layout_return_bare	12	1	one-initializer	root	@: B shared @B
unit_site_layout_return_bare	16	1	one-initializer	method	@: A shared make
unit_site_local_model_future_refused	3	1	typed-null	method	@: Model ref
unit_site_local_model_receiver	5	1	one-initializer	method	@: Model Model @Other
unit_site_local_model_scope_refused	6	1	typed-null	method	@: Model ref
unit_site_local_model_shadow_refused	5	1	typed-null	method	@: Model ref
unit_site_model_shadow	6	1	one-initializer	method	@: B p @B
unit_site_opaque_model_refused	2	1	one-initializer	root	@: Model shared @Model
unit_struct_return_ref_admit_thin	27	1	typed-null	method	@: Model b
unit_struct_return_ref_admit_thin	31	1	one-initializer	method	@: Other back b
unit_t7_actual_typed_reference	11	1	one-initializer	root	@: Model r m
unit_walk_d105_nested	15	1	typed-null	named-body	@: InA x
unit_walk_d105_nested	18	1	typed-null	named-body	@: InB x
